period,region,qty_bills,total_bills,qty_pays,total_pays,qty_pay_adjust,qty_sb,sb_total,qty_incs,total_incs,qty_pfs,total_pfs,pays_vs_bills,%_real_apparent_delinquency,bills_vs_qty_sbs,cost_per_prop,total_inc_per_prop,qty_pf_per_prop,totla_pf_per_prop
2022-01-01,Antofagasta,6131.0,692254035,4916,345905842,235,1111,398603128,3,5540091,2402,29357934,0.7634969825477084,49.96804995148927,0.18121024302723862,65014.37416408416,1.3898764487367494,0.3917794813244169,4788.441363562225
2022-01-01,Araucania,196.0,159401819,89,7940573,10,14,7412482,0,0,0,0,0.4030612244897959,4.98148204946143,0.07142857142857142,37818.78571428572,0.0,0.0,0.0
2022-01-01,Araucanía,6036.0,834018585,5227,419675427,696,1616,498388012,4,342744,1697,45377815,0.7506626905235255,50.319673272029064,0.26772697150430746,82569.25314778,0.06877051448821767,0.28114645460569915,7517.861994698475
2022-01-01,Arica y Parinacota,2226.0,236389248,1903,119746617,12,335,112194741,2,67910,616,5249044,0.8495058400718778,50.656541282283705,0.15049415992812218,50401.95013477089,0.06052868378206782,0.27672955974842767,2358.061096136568
2022-01-01,Atacama,604.0,56458505,225,10642434,1,78,17940906,0,0,22,905000,0.3708609271523179,18.850010286315587,0.1291390728476821,29703.48675496689,0.0,0.03642384105960265,1498.3443708609273
2022-01-01,Aysén,178.0,18147597,196,12818985,55,44,12677340,2,0,16,1200000,0.7921348314606742,70.63736868302729,0.24719101123595505,71221.01123595505,0.0,0.0898876404494382,6741.573033707865
2022-01-01,Bio Bio,333.0,21403175,280,13812554,0,72,11463028,0,0,35,262000,0.8408408408408409,64.5350701473029,0.21621621621621623,34423.50750750751,0.0,0.10510510510510511,786.7867867867868
2022-01-01,Bío Bío,11484.0,1053779272,9211,524213674,692,2090,500907458,8,237004,1922,19294465,0.7418146987112504,49.74606048238914,0.18199233716475097,43617.855973528385,0.04731492738125692,0.16736328805294323,1680.1171194705678
2022-01-01,Coquimbo,6470.0,2269810346,4726,523574948,292,1352,561140331,1,215000,1557,18064636,0.6853168469860896,23.066902876827402,0.2089644513137558,86729.57202472952,0.03831483643616413,0.24064914992272024,2792.0612055641423
2022-01-01,Los Lagos,5265.0,666199659,3602,228881097,95,987,272464770,2,280000,741,10010546,0.6660968660968661,34.35623148525208,0.18746438746438746,51750.19373219373,0.10276557956465344,0.14074074074074075,1901.3382716049382
2022-01-01,Los Ríos,1127.0,139203430,964,84447706,79,276,88370233,0,0,54,638444,0.7852706299911268,60.66496062632939,0.24489795918367346,78411.91925465838,0.0,0.04791481810115351,566.4986690328305
2022-01-01,Los Ríos Region,82.0,23697118,75,9815320,12,19,9777050,0,0,82,1066000,0.7682926829268293,41.41988911900595,0.23170731707317074,119232.31707317074,0.0,1.0,13000.0
2022-01-01,Los lagos,160.0,7318318,184,4591320,2,20,4098055,0,0,1,31181,1.1375,62.73736670092772,0.125,25612.84375,0.0,0.00625,194.88125
2022-01-01,Magallanes y la Antártica Chilena,15.0,13722169,14,13722169,0,34,11860035,0,0,1,1873400,0.9333333333333333,100.0,2.2666666666666666,790669.0,0.0,0.06666666666666667,124893.33333333333
2022-01-01,Maule,1749.0,116589902,1515,66911364,52,243,66140789,2,20000,604,4396464,0.8364779874213837,57.39035958705926,0.13893653516295026,37816.345911949684,0.03023852648628065,0.3453401943967982,2513.7015437392797
2022-01-01,O'Higgins,1724.0,371037593,1536,125366219,202,374,103143149,6,14000,694,14451328,0.7737819025522041,33.7880099928311,0.21693735498839908,59827.8126450116,0.013573368794470294,0.4025522041763341,8382.440835266822
2022-01-01,RM,430.0,111741381,467,35721366,98,114,33186096,0,0,151,1178988,0.858139534883721,31.96789379218429,0.2651162790697674,77176.96744186047,0.0,0.3511627906976744,2741.8325581395347
2022-01-01,Región Metropolitana,245445.0,46846664997,221537,21010218035,23175,58883,21123845097,177,118369421,82627,958796341,0.8081729104279981,44.84890874589571,0.23990303326610848,86063.45656664426,0.5603592549389163,0.33664161013669053,3906.3592291552077
2022-01-01,Región de Antofagasta,3476.0,604229092,3307,216734482,318,530,257503082,1,0,1099,14124135,0.8598964326812428,35.86958735843193,0.1524741081703107,74080.28826237054,0.0,0.31616800920598387,4063.3299769850405
2022-01-01,Región de Arica y Parinacota,600.0,62633210,561,36448880,41,119,33950375,0,0,0,0,0.8666666666666667,58.194175262612276,0.19833333333333333,56583.958333333336,0.0,0.0,0.0
2022-01-01,Región de Atacama,132.0,10710470,915,34525130,0,37,4789925,0,0,0,0,6.931818181818182,322.34934601376034,0.2803030303030303,36287.31060606061,0.0,0.0,0.0
2022-01-01,Región de Coquimbo,3317.0,576135320,2934,190619887,570,640,179674525,0,0,170,3491603,0.7126921917395237,33.085957479572684,0.1929454326198372,54167.77962013868,0.0,0.05125113053964426,1052.6388302683147
2022-01-01,Región de Tarapacá,3286.0,439808300,2805,219021455,144,634,211944900,1,15,1133,6404726,0.8097991479001826,49.79930005868466,0.1929397443700548,64499.36092513694,7.077311131336494e-06,0.344796104686549,1949.0949482653682
2022-01-01,Región de Valparaíso,10701.0,1270344004,9544,656852173,1120,2363,634441450,2,20000,5335,26847980,0.7872161480235492,51.70663780296789,0.22082048406690963,59288.05251845622,0.0031523791517720037,0.49855153723951035,2508.9225306046164
2022-01-01,Región de la Araucanía,1062.0,220002424,907,73915752,126,216,71057355,0,0,314,7295075,0.7354048964218456,33.59769890535388,0.2033898305084746,66908.99717514124,0.0,0.295668549905838,6869.185499058381
2022-01-01,Región de los Lagos,1425.0,135477906,1145,79056459,77,322,76583782,0,0,410,2218991,0.7494736842105263,58.35376507812278,0.22596491228070176,53743.0049122807,0.0,0.28771929824561404,1557.1866666666667
2022-01-01,Región de los Ríos,90.0,6877746,68,3814553,0,22,4286862,0,0,0,0,0.7555555555555555,55.4622546398195,0.24444444444444444,47631.8,0.0,0.0,0.0
2022-01-01,Región del Bío Bío,5156.0,492157718,4433,256671809,379,955,258336036,1,3185813,891,11772619,0.7862684251357641,52.15234865015365,0.1852211016291699,50103.96353762607,1.2332050337723692,0.17280837858805276,2283.285298681148
2022-01-01,Región del Libertador General Bernardo O’Higgins,996.0,84530649,793,48305150,36,157,49170035,0,0,32,533054,0.7600401606425703,57.14513087436487,0.1576305220883534,49367.50502008032,0.0,0.0321285140562249,535.1947791164658
2022-01-01,Región del Maule,609.0,44973089,526,27711878,73,58,26959868,0,0,100,750000,0.7438423645320197,61.61880052313062,0.09523809523809523,44269.077175697865,0.0,0.16420361247947454,1231.527093596059
2022-01-01,Santiago Metropolitan Region,1715.0,1183978214,1069,137399630,64,365,174090028,0,0,806,7101213,0.5860058309037901,11.604912014031367,0.21282798833819241,101510.22040816327,0.0,0.46997084548104956,4140.648979591837
2022-01-01,Tarapacá,4612.0,869299820,3779,320021603,188,1183,319361250,1,20,225,7932731,0.778620988725065,36.81372015008585,0.2565047701647875,69245.71769297485,6.26250053818364e-06,0.04878577623590633,1720.0197311361665
2022-01-01,Valparaiso Region,1320.0,794430367,899,102795178,71,212,93817671,0,0,91,1418453,0.6272727272727273,12.93948246064466,0.1606060606060606,71073.99318181818,0.0,0.06893939393939394,1074.585606060606
2022-01-01,Valparaíso,25939.0,4734612686,22082,2036549990,1524,6874,1961023422,8,2677857,7952,118725799,0.792551756043024,43.01407792071294,0.2650063610779136,75601.35016770115,0.13655405488573505,0.30656540344654765,4577.115501754115
2022-01-01,Valparíso,192.0,48202622,197,31018066,35,52,28100744,0,0,5,155625,0.84375,64.34933352795622,0.2708333333333333,146358.04166666666,0.0,0.026041666666666668,810.546875
2022-01-01,desconocido,5194.0,1823185795,3973,450411203,257,1129,413038807,0,0,1298,19049849,0.7154408933384675,24.704624412675397,0.21736619175972274,79522.29630342704,0.0,0.24990373507893723,3667.664420485175
2022-01-01,Ñuble,246.0,26078034,186,17530476,6,56,13930137,0,0,70,3253504,0.7317073170731707,67.22315033410877,0.22764227642276422,56626.57317073171,0.0,0.2845528455284553,13225.626016260163
2022-02-01,Antofagasta,6535.0,777616761,5292,396836432,295,1113,397306451,0,0,2162,30428604,0.7646518745218056,51.03239177736808,0.17031369548584543,60796.70252486611,0.0,0.33083397092578426,4656.251568477429
2022-02-01,Araucania,196.0,170628553,112,7328700,21,12,8838658,0,0,0,0,0.4642857142857143,4.295119352034826,0.061224489795918366,45095.19387755102,0.0,0.0,0.0
2022-02-01,Araucanía,6321.0,919750338,5122,434219860,681,1638,494557286,5,8676681,1833,55179530,0.702578705900965,47.21062249829801,0.2591362126245847,78240.35532352475,1.7544339646024345,0.2899857617465591,8729.557032115172
2022-02-01,Arica y Parinacota,2183.0,226645526,1659,102610412,6,344,107802871,1,5000,681,4267055,0.7572148419606046,45.2735219666326,0.157581310123683,49382.90013742556,0.00463809539914758,0.3119560238204306,1954.674759505268
2022-02-01,Atacama,604.0,66379361,242,11339053,6,77,17450538,0,0,54,1894000,0.39072847682119205,17.082196678573027,0.12748344370860928,28891.619205298015,0.0,0.08940397350993377,3135.7615894039736
2022-02-01,Aysén,179.0,14768615,204,10399158,55,34,9201508,1,0,16,1275460,0.8324022346368715,70.41390137125248,0.18994413407821228,51405.072625698325,0.0,0.0893854748603352,7125.474860335195
2022-02-01,Bio Bio,358.0,23088454,299,14700546,3,80,12462151,0,0,35,294918,0.8268156424581006,63.67055152328519,0.22346368715083798,34810.477653631286,0.0,0.09776536312849161,823.7932960893854
2022-02-01,Bío Bío,12055.0,1145370520,10034,588018889,768,2297,510352944,3,141953,2304,17718064,0.7686437163002904,51.338748355423014,0.19054334301119868,42335.37486520116,0.02781467250632731,0.19112401493156367,1469.7688925756947
2022-02-01,Coquimbo,6430.0,2341886769,4765,597656923,180,1229,551596772,0,0,1405,13891982,0.7130637636080871,25.520316819382483,0.19113530326594091,85784.87900466564,0.0,0.21850699844479005,2160.494867807154
2022-02-01,Los Lagos,5658.0,759971054,4065,296748536,131,1113,377467222,1,18491267,988,14207140,0.695298692117356,39.04734719014706,0.19671261930010606,66713.89572287028,4.898774230521133,0.1746200070696359,2510.9826793920115
2022-02-01,Los Ríos,1077.0,124240662,860,75211899,47,230,68643960,0,0,40,479126,0.754874651810585,60.53726516685818,0.2135561745589601,63736.267409470755,0.0,0.03714020427112349,444.8709377901578
2022-02-01,Los Ríos Region,82.0,25912224,105,13143645,30,19,9879340,0,0,82,1077152,0.9146341463414634,50.72372406166294,0.23170731707317074,120479.75609756098,0.0,1.0,13136.0
2022-02-01,Los lagos,160.0,7700891,214,5893869,0,19,4803420,0,0,3,82866,1.3375,76.53489706580706,0.11875,30021.375,0.0,0.01875,517.9125
2022-02-01,Magallanes y la Antártica Chilena,28.0,13355130,15,13241177,0,35,12925677,0,0,1,429400,0.5357142857142857,99.1467473547618,1.25,461631.3214285714,0.0,0.03571428571428571,15335.714285714286
2022-02-01,Maule,1751.0,113184754,1497,67480491,43,231,70269481,3,8081884,391,1850726,0.8303826384922901,59.619770874794675,0.13192461450599657,40131.05711022273,11.501271796784723,0.22330097087378642,1056.9537407195887
2022-02-01,O'Higgins,1847.0,399069374,1631,109529336,220,365,98292466,2,0,662,26584228,0.7639415268002165,27.446189343509985,0.19761775852734165,53217.361126150514,0.0,0.35841905793178125,14393.193286410395
2022-02-01,RM,431.0,112468695,398,32452826,52,124,35874655,0,0,152,3254762,0.802784222737819,28.85498582516673,0.2877030162412993,83235.8584686775,0.0,0.35266821345707655,7551.651972157772
2022-02-01,Región Metropolitana,250428.0,47848048150,229944,21681315458,26209,59572,20875261023,205,28085552,80019,1087236945,0.8135472071813056,45.312852449133814,0.23788074815915153,83358.3346231252,0.13453988416746418,0.3195289664095069,4341.515106138291
2022-02-01,Región de Antofagasta,3476.0,622451388,3213,231410969,401,439,197609650,0,0,696,11693500,0.80897583429229,37.17735608937224,0.1262945914844649,56849.72669735328,0.0,0.2002301495972382,3364.0678941311853
2022-02-01,Región de Arica y Parinacota,600.0,62759651,597,38687928,60,117,34898575,0,0,2,113213,0.895,61.64458753921369,0.195,58164.291666666664,0.0,0.0033333333333333335,188.68833333333333
2022-02-01,Región de Atacama,0.0,0,0,0,0,0,0,0,0,0,0,,,,,,,
2022-02-01,Región de Coquimbo,3318.0,575702629,2741,181926304,501,648,190138387,0,0,142,3516598,0.6751054852320675,31.600742264458205,0.19529837251356238,57305.1196503918,0.0,0.04279686558167571,1059.8547317661241
2022-02-01,Región de Tarapacá,3286.0,450582091,2844,232646781,208,653,220588073,3,400015,846,5719679,0.8021911138161899,51.632496197013744,0.19872185027388922,67129.66311625075,0.18134026675141224,0.25745587340231285,1740.6205112598905
2022-02-01,Región de Valparaíso,10701.0,1302584538,9817,682068755,1212,2291,667359831,15,1067839,5362,33956646,0.8041304550976545,52.362724652578365,0.2140921409214092,62364.24922904401,0.16000948070247278,0.501074665919073,3173.2217549761704
2022-02-01,Región de la Araucanía,1062.0,226980391,866,77719948,92,229,77353146,0,0,286,7002785,0.7288135593220338,34.24082038875332,0.21563088512241055,72837.2372881356,0.0,0.2693032015065913,6593.959510357816
2022-02-01,Región de los Lagos,1425.0,135529688,1221,84247086,98,288,72987260,0,0,416,1839415,0.7880701754385965,62.16135168849499,0.20210526315789473,51219.1298245614,0.0,0.2919298245614035,1290.817543859649
2022-02-01,Región de los Ríos,90.0,8094722,87,5495024,9,26,4672875,0,0,0,0,0.8666666666666667,67.88403604225074,0.28888888888888886,51920.833333333336,0.0,0.0,0.0
2022-02-01,Región del Bío Bío,5187.0,500691555,4659,271672197,431,917,236714143,0,0,1111,12471435,0.815114709851552,54.25939269137463,0.1767881241565452,45636.040678619625,0.0,0.21418931945247735,2404.3637941006364
2022-02-01,Región del Libertador General Bernardo O’Higgins,996.0,87258042,834,50278875,15,157,48869858,0,0,28,95875,0.822289156626506,57.62090673545024,0.1576305220883534,49066.12248995984,0.0,0.028112449799196786,96.26004016064257
2022-02-01,Región del Maule,609.0,44195192,550,26405985,76,49,25384998,0,0,3,247744,0.7783251231527094,59.7485468555041,0.08045977011494253,41683.08374384236,0.0,0.0049261083743842365,406.8045977011494
2022-02-01,Santiago Metropolitan Region,2289.0,1300811571,1622,166123273,183,455,179335635,1,300000,773,7656051,0.6286588029707296,12.770740720909531,0.19877675840978593,78346.71690694627,0.16728409833327326,0.3377020532983836,3344.714285714286
2022-02-01,Tarapacá,4446.0,867674097,4039,356652851,353,1103,309989664,1,0,331,4492020,0.8290598290598291,41.104471394632405,0.24808816914080073,69723.27125506072,0.0,0.0744489428699955,1010.3508771929825
2022-02-01,Valparaiso Region,1323.0,807193524,814,99663313,34,238,101457372,0,0,135,1236682,0.5895691609977324,12.346892044688902,0.17989417989417988,76687.3560090703,0.0,0.10204081632653061,934.755857898715
2022-02-01,Valparaíso,27107.0,4927965011,22789,2131858558,1642,6954,2023332556,24,15635300,8134,119660072,0.7801305935736157,43.26042399329852,0.25653890139078467,74642.43759914413,0.7727498850169245,0.3000700925960084,4414.360571070203
2022-02-01,Valparíso,192.0,51436867,182,32763935,19,60,29344672,0,0,4,1384317,0.8489583333333334,63.69737682506985,0.3125,152836.83333333334,0.0,0.020833333333333332,7209.984375
2022-02-01,desconocido,5204.0,1850373300,4039,607951501,248,1034,396769202,2,7256,980,13974760,0.72847809377402,32.85561356727315,0.19869331283627978,76243.12106072252,0.0018287709740132502,0.18831667947732514,2685.388162951576
2022-02-01,Ñuble,247.0,23451190,169,13475814,2,49,16642547,0,0,12,254188,0.6761133603238867,57.46324173741289,0.19838056680161945,67378.73279352227,0.0,0.048582995951417005,1029.1012145748987
2022-03-01,Antofagasta,6624.0,807430348,5388,393795337,325,1186,413837598,9,129000,2293,26656292,0.7643417874396136,48.77143124176948,0.17904589371980675,62475.48278985507,0.03117164815943089,0.3461654589371981,4024.1986714975847
2022-03-01,Araucania,196.0,183024318,104,7257374,24,15,10283311,0,0,1,50581,0.40816326530612246,3.965251218693245,0.07653061224489796,52465.87244897959,0.0,0.00510204081632653,258.06632653061223
2022-03-01,Araucanía,6433.0,935472993,5623,434115040,656,1569,489665170,6,2009500,1485,27665267,0.7721125446914348,46.40594044386271,0.24389864759832117,76117.70091714596,0.4103824660430719,0.23084097621638427,4300.52339499456
2022-03-01,Arica y Parinacota,2311.0,263808281,1866,128226848,6,392,129080146,1,5000,655,4371679,0.8048463868455215,48.606073893487824,0.1696235395932497,55854.67157074859,0.0038735623989765242,0.2834270878407616,1891.682821289485
2022-03-01,Atacama,605.0,74022654,230,10708365,0,84,17936171,0,0,25,1152000,0.38016528925619836,14.466334860136195,0.13884297520661157,29646.563636363637,0.0,0.04132231404958678,1904.1322314049587
2022-03-01,Aysén,179.0,10441923,205,6116905,63,33,5426695,0,0,0,0,0.7932960893854749,58.5802538478784,0.18435754189944134,30316.73184357542,0.0,0.0,0.0
2022-03-01,Bio Bio,358.0,23185247,269,13972363,0,80,12696544,0,0,45,751608,0.7513966480446927,60.26402479128215,0.22346368715083798,35465.20670391061,0.0,0.12569832402234637,2099.463687150838
2022-03-01,Bío Bío,12204.0,1153672177,10206,583873344,740,2361,531095043,1,0,2858,24191465,0.7756473287446739,50.60998745053379,0.19346116027531957,43518.11234021632,0.0,0.2341855129465749,1982.2570468698786
2022-03-01,Coquimbo,6494.0,2310026173,4970,551604179,368,1263,545785628,3,-375496,654,8246252,0.7086541422851863,23.878698234991816,0.19448721897135818,84044.5993224515,-0.06879917329006692,0.10070834616569141,1269.8263012011087
2022-03-01,Los Lagos,6054.0,780722861,4486,304203222,142,1209,276975859,2,2238127,485,12031279,0.7175421209117938,38.9643031088339,0.19970267591674926,45750.88519986786,0.8080585102544984,0.08011232243145028,1987.327221671622
2022-03-01,Los Ríos,1150.0,135981097,1038,85542977,88,289,82492908,0,0,44,867750,0.8260869565217391,62.90799154238328,0.25130434782608696,71732.96347826086,0.0,0.03826086956521739,754.5652173913044
2022-03-01,Los Ríos Region,472.0,1009525765,78,10908360,16,19,9938397,0,0,82,1083630,0.13135593220338984,1.0805430012972477,0.04025423728813559,21055.925847457627,0.0,0.17372881355932204,2295.826271186441
2022-03-01,Los lagos,160.0,6073404,92,3493087,0,20,4104991,0,0,0,0,0.575,57.514484463737304,0.125,25656.19375,0.0,0.0,0.0
2022-03-01,Magallanes y la Antártica Chilena,27.0,14599135,27,14599135,0,46,13793457,0,0,5,691670,1.0,100.0,1.7037037037037037,510868.77777777775,0.0,0.18518518518518517,25617.40740740741
2022-03-01,Maule,1752.0,113491226,1412,62852773,38,251,64651894,1,0,352,2183821,0.7842465753424658,55.3811736953128,0.1432648401826484,36901.76598173516,0.0,0.2009132420091324,1246.4731735159817
2022-03-01,O'Higgins,1935.0,409793421,1751,133571552,283,388,93971120,2,1000,920,23596023,0.758656330749354,32.594850272132604,0.20051679586563306,48563.88630490956,0.0010641567324088507,0.4754521963824289,12194.327131782946
2022-03-01,RM,432.0,115612845,481,37323348,100,109,33801194,0,0,150,1154896,0.8819444444444444,32.28304605772828,0.2523148148148148,78243.50462962964,0.0,0.3472222222222222,2673.3703703703704
2022-03-01,Región Metropolitana,254173.0,48961475778,233111,22063371277,25830,61088,22070717184,130,220123101,89661,1106567294,0.8155114823368336,45.06271701661778,0.2403402407021989,86833.44487416052,0.9973536390542695,0.3527558001833397,4353.5989031092995
2022-03-01,Región de Antofagasta,3480.0,626880461,2914,222952955,275,472,206320002,1,200000,643,12163303,0.7583333333333333,35.565465646248626,0.135632183908046,59287.356896551726,0.09693679626854598,0.18477011494252873,3495.202011494253
2022-03-01,Región de Arica y Parinacota,600.0,63335008,569,40822342,36,135,42868307,0,0,0,0,0.8883333333333333,64.4546251577011,0.225,71447.17833333333,0.0,0.0,0.0
2022-03-01,Región de Atacama,0.0,0,0,0,0,0,0,0,0,0,0,,,,,,,
2022-03-01,Región de Coquimbo,3316.0,572688433,2809,181185903,496,610,171002089,1,9495354,159,3014862,0.6975271411338962,31.637779385706573,0.18395657418576597,51568.784378769604,5.552770761765372,0.04794933655006031,909.186369119421
2022-03-01,Región de Tarapacá,3286.0,443580391,2752,222392845,151,651,220107598,1,0,764,4935770,0.7915398660986002,50.135860266194676,0.19811320754716982,66983.44430919051,0.0,0.2325015216068168,1502.0602556299452
2022-03-01,Región de Valparaíso,10719.0,1303480472,10107,674649349,1491,2321,656982454,7,461334,5650,28841651,0.8038063252169045,51.757534039988286,0.21653139285381098,61291.39415990298,0.07022014015613269,0.5271014087134994,2690.703517119134
2022-03-01,Región de la Araucanía,1062.0,226986645,847,72183445,91,196,63810644,0,0,242,6782179,0.711864406779661,31.800745369843238,0.18455743879472694,60085.352165725046,0.0,0.2278719397363465,6386.232580037665
2022-03-01,Región de los Lagos,1425.0,138510355,1139,79923298,71,293,79358410,0,0,436,7865221,0.7494736842105263,57.702038233892324,0.2056140350877193,55690.11228070175,0.0,0.3059649122807018,5519.453333333333
2022-03-01,Región de los Ríos,90.0,8770942,69,5095227,0,34,6010123,0,0,0,0,0.7666666666666667,58.0921296709065,0.37777777777777777,66779.14444444445,0.0,0.0,0.0
2022-03-01,Región del Bío Bío,5447.0,515290502,4796,269753398,363,929,246695232,6,5000,2197,27150869,0.8138424821002387,52.34977104235467,0.170552597760235,45290.11051955205,0.002026792313521487,0.4033412887828162,4984.554617220489
2022-03-01,Región del Libertador General Bernardo O’Higgins,996.0,88663095,818,49981652,50,176,49813794,0,0,42,208521,0.7710843373493976,56.372555007243996,0.17670682730923695,50013.84939759036,0.0,0.04216867469879518,209.35843373493975
2022-03-01,Región del Maule,609.0,45919702,597,29680655,88,56,26620809,0,0,7,348448,0.8357963875205254,64.63599219350334,0.09195402298850575,43712.33004926109,0.0,0.011494252873563218,572.1642036124795
2022-03-01,Santiago Metropolitan Region,2290.0,1342164403,1805,181351283,103,477,220453168,0,0,1166,35276415,0.743231441048035,13.511853137711327,0.20829694323144105,96267.75895196506,0.0,0.509170305676856,15404.548034934498
2022-03-01,Tarapacá,4769.0,878778728,3985,324924241,290,1263,347393302,4,60000,713,10826631,0.7747955546236108,36.97452278339628,0.26483539526106104,72844.05577689243,0.017271490168224372,0.1495072342210107,2270.209897253093
2022-03-01,Valparaiso Region,1326.0,819933906,896,101422458,48,219,86816169,0,0,90,1170412,0.6395173453996983,12.369589458104443,0.16515837104072398,65472.22398190045,0.0,0.06787330316742081,882.6636500754148
2022-03-01,Valparaíso,29133.0,5289275230,24493,2312841323,1678,7527,2189309195,23,16703028,9511,119243461,0.7831325301204819,43.72699892571104,0.2583668005354752,75148.77269762813,0.7629360000015896,0.32646826622730235,4093.071808601929
2022-03-01,Valparíso,192.0,49110838,178,27017036,24,56,27018960,0,0,0,0,0.8020833333333334,55.012370181913816,0.2916666666666667,140723.75,0.0,0.0,0.0
2022-03-01,desconocido,5055.0,1701946168,3956,416666542,332,1068,402469219,0,0,1111,22417617,0.716913946587537,24.48176974302515,0.21127596439169138,79618.0453016815,0.0,0.21978239366963404,4434.741246290801
2022-03-01,Ñuble,247.0,21980528,170,12566327,1,39,13447279,0,0,8,307224,0.6842105263157895,57.17026906723988,0.15789473684210525,54442.425101214576,0.0,0.032388663967611336,1243.8218623481782
2022-04-01,Antofagasta,6999.0,879404376,6149,451612709,459,1239,429480707,2,663540,2991,29057724,0.8129732818974139,51.35438500478874,0.17702528932704673,61363.15287898271,0.15449820892653043,0.42734676382340336,4151.696528075439
2022-04-01,Araucania,398.0,201181867,86,5072716,8,23,12567392,0,0,18,208717,0.19597989949748743,2.521457860812078,0.05778894472361809,31576.361809045226,0.0,0.04522613065326633,524.4145728643216
2022-04-01,Araucanía,6972.0,990414918,6206,491997406,869,1652,475774467,5,468032,1498,29828331,0.7654905335628227,49.67588806048255,0.23694779116465864,68240.74397590362,0.09837266025459075,0.21485943775100402,4278.303356282272
2022-04-01,Arica y Parinacota,2314.0,273032864,1720,119704745,18,346,128340116,1,5000,1011,4377532,0.7355229040622299,43.84261412574861,0.1495246326707001,55462.452895419185,0.0038958979903056965,0.4369057908383751,1891.7597234226448
2022-04-01,Atacama,609.0,82486396,218,9475945,0,61,18760603,0,0,22,866136,0.3579638752052545,11.487888257355795,0.10016420361247948,30805.587848932675,0.0,0.0361247947454844,1422.2266009852217
2022-04-01,Aysén,179.0,10683629,176,4795496,57,32,5412577,0,0,1,157760,0.664804469273743,44.88639581176022,0.1787709497206704,30237.86033519553,0.0,0.00558659217877095,881.340782122905
2022-04-01,Bio Bio,358.0,23284118,297,16031231,1,74,12223561,0,0,34,289918,0.8268156424581006,68.85049715003161,0.20670391061452514,34144.0251396648,0.0,0.09497206703910614,809.8268156424581
2022-04-01,Bío Bío,12380.0,1194112431,10646,625779155,736,2385,567037164,1,40,3129,45402457,0.8004846526655897,52.40537982474114,0.19264943457189015,45802.678836833606,7.054211353243859e-06,0.2527463651050081,3667.403634894992
2022-04-01,Coquimbo,6658.0,2371973310,4921,561320216,315,1328,566672840,1,374,1277,12139123,0.6917993391408831,23.66469359640476,0.19945929708621207,85111.57104235506,6.599928099606821e-05,0.19179933914088315,1823.2386602583358
2022-04-01,Los Lagos,6656.0,839104503,5303,359928426,386,1311,370360571,0,0,732,10616542,0.7387319711538461,42.89435043110477,0.19696514423076922,55643.11463341346,0.0,0.10997596153846154,1595.0333533653845
2022-04-01,Los Ríos,1156.0,134134288,870,74820070,16,259,82286328,0,0,50,1116807,0.7387543252595156,55.77997327573693,0.22404844290657439,71181.9446366782,0.0,0.04325259515570934,966.0960207612457
2022-04-01,Los Ríos Region,472.0,1010267916,99,12490972,31,19,10078960,0,0,82,1098964,0.1440677966101695,1.2364019288523065,0.04025423728813559,21353.728813559323,0.0,0.17372881355932204,2328.313559322034
2022-04-01,Los lagos,160.0,7257362,163,4985623,0,21,4782080,1,1,3,95726,1.01875,68.69745508078555,0.13125,29888.0,2.0911402569593146e-05,0.01875,598.2875
2022-04-01,Magallanes y la Antártica Chilena,32.0,13270535,25,13077727,0,36,12956583,0,0,3,313900,0.78125,98.54709700852302,1.125,404893.21875,0.0,0.09375,9809.375
2022-04-01,Maule,1775.0,120665354,1537,69370724,76,227,65575738,2,402092,340,1800571,0.8230985915492958,57.49017568041942,0.12788732394366198,36944.07774647887,0.613171902083664,0.19154929577464788,1014.4061971830986
2022-04-01,O'Higgins,1968.0,402536628,1748,117421422,231,386,105587917,11,17000,750,10613938,0.7708333333333334,29.170369559512483,0.19613821138211382,53652.3968495935,0.016100327085721372,0.38109756097560976,5393.261178861789
2022-04-01,RM,432.0,116082213,501,38728765,104,123,35283748,1,15000,225,2212001,0.9189814814814815,33.363220771816266,0.2847222222222222,81675.3425925926,0.04251249045311172,0.5208333333333334,5120.372685185185
2022-04-01,Región Metropolitana,257631.0,50416790355,240248,23241062426,25090,61338,22734707650,128,167591534,92528,1152666068,0.835140181111745,46.097861966921315,0.23808470253967884,88245.23310471178,0.7371615970614868,0.35914932597397053,4474.096937092198
2022-04-01,Región de Antofagasta,3483.0,640002197,2843,217079445,342,481,210432157,0,0,445,12736455,0.7180591444157336,33.91854684523841,0.13809933964972726,60416.927074361185,0.0,0.12776342233706575,3656.748492678725
2022-04-01,Región de Arica y Parinacota,600.0,61071520,561,38077852,24,134,34241664,0,0,55,550000,0.895,62.34960583918658,0.22333333333333333,57069.44,0.0,0.09166666666666666,916.6666666666666
2022-04-01,Región de Atacama,0.0,0,0,0,0,0,0,0,0,0,0,,,,,,,
2022-04-01,Región de Coquimbo,3327.0,574990289,3163,212147214,689,594,171098816,0,0,483,4620128,0.7436128644424407,36.89579077395514,0.17853922452660054,51427.35677787797,0.0,0.14517583408476104,1388.6768860835587
2022-04-01,Región de Tarapacá,3286.0,452245604,2887,229642790,216,633,220218423,2,107061,876,9270848,0.8128423615337796,50.778335481620296,0.19263542300669506,67017.17072428485,0.048615823572580937,0.26658551430310407,2821.3171028606207
2022-04-01,Región de Valparaíso,10722.0,1313769000,10099,680457198,1577,2297,651310613,6,321209,5393,25596787,0.7948144002984517,51.794280273016035,0.21423241932475284,60745.25396381272,0.049317329333922584,0.5029845178138407,2387.314586830815
2022-04-01,Región de la Araucanía,1062.0,242971252,1055,86189983,211,212,81966781,4,20000,218,6999490,0.7947269303201506,35.4733254615653,0.19962335216572505,77181.5263653484,0.024400128632598123,0.20527306967984935,6590.856873822975
2022-04-01,Región de los Lagos,1425.0,146076389,1215,82308506,73,286,74436992,0,0,689,8408285,0.8014035087719298,56.34620801038558,0.2007017543859649,52236.48561403509,0.0,0.48350877192982455,5900.550877192983
2022-04-01,Región de los Ríos,91.0,8601608,78,6526602,1,27,4229119,0,0,0,0,0.8461538461538461,75.87653378298569,0.2967032967032967,46473.83516483517,0.0,0.0,0.0
2022-04-01,Región del Bío Bío,5538.0,532306896,4794,270900447,348,975,262890611,1,0,1690,23429023,0.8028169014084507,50.89177860284568,0.176056338028169,47470.316179126035,0.0,0.3051643192488263,4230.592813289996
2022-04-01,Región del Libertador General Bernardo O’Higgins,996.0,89006786,878,51010737,75,173,49324950,0,0,37,221852,0.8062248995983936,57.31106502373875,0.17369477911646586,49523.0421686747,0.0,0.03714859437751004,222.7429718875502
2022-04-01,Región del Maule,609.0,44912207,590,28648607,80,51,26393782,0,0,21,693950,0.8374384236453202,63.78801870057288,0.08374384236453201,43339.54351395731,0.0,0.034482758620689655,1139.4909688013136
2022-04-01,Santiago Metropolitan Region,2516.0,1414763929,2188,222768212,131,511,226958285,0,0,1210,37177500,0.8175675675675675,15.745963509082369,0.20310015898251194,90205.99562798093,0.0,0.4809220985691574,14776.430842607313
2022-04-01,Tarapacá,4834.0,911151524,3764,329682382,158,1240,355499756,3,17983460,411,6663603,0.7459660736450144,36.183046761824876,0.25651634257343814,73541.52999586264,5.058642009307033,0.08502275548200249,1378.4863467107984
2022-04-01,Valparaiso Region,1330.0,832430461,880,106818599,57,232,97079752,1,323408,134,1812065,0.618796992481203,12.832134815402918,0.17443609022556392,72992.2947368421,0.3331364093307531,0.10075187969924812,1362.454887218045
2022-04-01,Valparaíso,29888.0,5471897975,25955,2373238906,2676,7588,2284847988,14,19304620,8791,122660948,0.7788744646680942,43.37140269871351,0.2538811563169165,76447.00173982869,0.8448973455296669,0.2941314239828694,4104.01994111349
2022-04-01,Valparíso,192.0,51248195,219,29224358,54,59,26452666,0,0,0,0,0.859375,57.025145958799136,0.3072916666666667,137774.30208333334,0.0,0.0,0.0
2022-04-01,desconocido,5056.0,1755989621,4183,441174377,350,959,396223708,0,0,1460,32479850,0.7581091772151899,25.12397406704262,0.18967563291139242,78367.03085443038,0.0,0.2887658227848101,6424.020965189873
2022-04-01,Ñuble,248.0,23303867,163,13251114,1,37,12642552,0,0,7,97055,0.6532258064516129,56.86229671667796,0.14919354838709678,50978.032258064515,0.0,0.028225806451612902,391.3508064516129
2022-05-01,Antofagasta,7136.0,926613635,6303,469233572,699,1209,452502902,9,598930,2809,33544274,0.7853139013452914,50.63961442786238,0.1694226457399103,63411.28110986547,0.13235937213945204,0.3936378923766816,4700.711042600897
2022-05-01,Araucania,419.0,222109927,144,14149155,32,24,11789344,0,0,85,1422184,0.26730310262529833,6.370338863782527,0.057279236276849645,28136.859188544153,0.0,0.20286396181384247,3394.233890214797
2022-05-01,Araucanía,7394.0,1048095717,6314,518951836,804,1793,533506629,2,900000,1994,41432336,0.745198809845821,49.513782718759074,0.2424939139843116,72153.99364349473,0.16869518597865443,0.2696781173924804,5603.507708953205
2022-05-01,Arica y Parinacota,2328.0,287541164,1983,144723737,9,366,129408693,1,5000,1009,4168235,0.8479381443298969,50.331484712220195,0.15721649484536082,55587.926546391755,0.00386372807273465,0.4334192439862543,1790.4789518900343
2022-05-01,Atacama,610.0,92152821,206,8659275,0,62,26398018,0,0,6,870484,0.3377049180327869,9.396646685400983,0.10163934426229508,43275.4393442623,0.0,0.009836065573770493,1427.0229508196721
2022-05-01,Aysén,179.0,13205443,261,7906459,115,31,6821476,0,0,0,0,0.8156424581005587,59.87272823789402,0.17318435754189945,38108.804469273746,0.0,0.0,0.0
2022-05-01,Bio Bio,358.0,21384027,271,13101162,0,80,17874419,0,0,2,10000,0.7569832402234636,61.26611231832059,0.22346368715083798,49928.54469273743,0.0,0.00558659217877095,27.932960893854748
2022-05-01,Bío Bío,13638.0,1307498482,11040,665183182,570,2632,641056140,0,0,3435,28160703,0.7677078750549934,50.874489810688736,0.19299017451239184,47005.14298284206,0.0,0.25186977562692475,2064.8704355477344
2022-05-01,Coquimbo,6896.0,2463513257,5427,586407649,383,1288,571236170,4,-122680,1618,32708569,0.7314385150812065,23.803713957444312,0.18677494199535963,82835.87151972158,-0.021476231100702185,0.23462877030162413,4743.121954756381
2022-05-01,Los Lagos,7059.0,905212447,5152,347347916,232,1322,368617581,1,1000000,1284,13977485,0.6969825754356141,38.37197744586471,0.18727865136704916,52219.51848703782,0.27128385935558513,0.18189545261368467,1980.094205978184
2022-05-01,Los Ríos,1258.0,204125479,1047,120984424,54,308,105355731,0,0,283,15855292,0.7893481717011129,59.26963385104904,0.24483306836248012,83748.59379968203,0.0,0.22496025437201908,12603.570747217806
2022-05-01,Los Ríos Region,472.0,1009840031,92,14993933,26,19,10236539,0,0,82,1116102,0.13983050847457626,1.4847829893564597,0.04025423728813559,21687.582627118645,0.0,0.17372881355932204,2364.6228813559323
2022-05-01,Los lagos,160.0,7384877,154,4848900,0,25,5060370,0,0,4,129070,0.9625,65.65986136261985,0.15625,31627.3125,0.0,0.025,806.6875
2022-05-01,Magallanes y la Antártica Chilena,37.0,14695636,34,14690494,0,48,14266127,1,158000,3,231500,0.918918918918919,99.96501002066192,1.2972972972972974,385571.0,1.1075185297313,0.08108108108108109,6256.756756756757
2022-05-01,Maule,2253.0,144237935,1876,85550056,49,304,87343280,2,237424,301,1688870,0.810918774966711,59.31175872699509,0.1349312028406569,38767.5454948957,0.27182858257670195,0.13359964491788726,749.6094096759875
2022-05-01,O'Higgins,1977.0,405597239,1579,102653065,172,351,100039234,0,0,981,12395455,0.7116843702579666,25.309113359127185,0.17754172989377845,50601.53464845726,0.0,0.496206373292868,6269.830551340415
2022-05-01,RM,431.0,118896278,460,41618319,67,133,46880477,1,60000,241,2300280,0.9118329466357309,35.00388716962191,0.308584686774942,108771.40835266821,0.12798504588594523,0.5591647331786543,5337.07656612529
2022-05-01,Región Metropolitana,264058.0,52609849278,239816,24083145097,24704,63575,24184234128,119,19341814,100695,1292163772,0.8146392080527762,45.77687529523281,0.2407614993675632,91586.82610638572,0.07997695481126049,0.38133667603329574,4893.484658673473
2022-05-01,Región de Antofagasta,3476.0,657266914,2962,232921324,287,465,211097189,0,0,513,11561596,0.7695627157652474,35.437859268236345,0.13377445339470656,60729.91628308401,0.0,0.14758342922899884,3326.12082853855
2022-05-01,Región de Arica y Parinacota,600.0,61327164,559,37875907,34,126,34843285,0,0,1,109537,0.875,61.76040848717543,0.21,58072.14166666667,0.0,0.0016666666666666668,182.56166666666667
2022-05-01,Región de Atacama,0.0,0,0,0,0,0,0,0,0,0,0,,,,,,,
2022-05-01,Región de Coquimbo,3327.0,547304259,2733,176055975,398,580,187720038,0,0,425,5349066,0.7018334836188759,32.16784304249312,0.17433122933573791,56423.21550946799,0.0,0.12774271115118727,1607.774571686204
2022-05-01,Región de Tarapacá,3286.0,462993658,3136,247970209,404,639,290289335,1,14614,716,6284329,0.8314059646987219,53.55801417910566,0.19446135118685332,88341.24619598295,0.005034287601368476,0.21789409616555083,1912.4555690809495
2022-05-01,Región de Valparaíso,10727.0,1332739501,10126,690458061,1473,2250,658106297,2,20000000,4702,28647608,0.8066561014263075,51.807428269509955,0.20975109536683137,61350.451850470774,3.039022737082244,0.4383331779621516,2670.6076256176007
2022-05-01,Región de la Araucanía,1062.0,246587111,1068,95697120,220,209,80954855,0,0,247,7593321,0.7984934086629002,38.80864640974686,0.1967984934086629,76228.67702448211,0.0,0.23258003766478344,7150.0197740113
2022-05-01,Región de los Lagos,1425.0,146532081,1163,83248606,65,284,74608796,2,327000,397,2993890,0.7705263157894737,56.81254605262856,0.19929824561403509,52357.0498245614,0.43828612379698506,0.2785964912280702,2100.975438596491
2022-05-01,Región de los Ríos,91.0,6917641,70,3951498,0,27,4362808,0,0,0,0,0.7692307692307693,57.12204492832166,0.2967032967032967,47942.945054945056,0.0,0.0,0.0
2022-05-01,Región del Bío Bío,5576.0,563754194,4741,288956199,358,993,276194774,0,0,1446,20752609,0.7860473457675753,51.25570719922662,0.17808464849354375,49532.778694404595,0.0,0.25932568149210905,3721.773493543759
2022-05-01,Región del Libertador General Bernardo O’Higgins,996.0,90067890,821,51121415,66,175,52813071,0,0,112,1003627,0.7580321285140562,56.75875719970791,0.1757028112449799,53025.17168674699,0.0,0.11244979919678715,1007.6576305220883
2022-05-01,Región del Maule,610.0,46466475,592,30323825,109,55,27095912,0,0,143,1614739,0.7918032786885246,65.25957693154044,0.09016393442622951,44419.527868852456,0.0,0.23442622950819672,2647.113114754098
2022-05-01,Santiago Metropolitan Region,2514.0,1421386495,2130,241069685,108,533,217602702,0,0,1367,46324746,0.8042959427207638,16.960178378506402,0.21201272871917262,86556.36515513127,0.0,0.5437549721559268,18426.708830548927
2022-05-01,Tarapacá,4615.0,892215447,4193,327321593,336,1176,322151617,1,10000,860,11738428,0.8357529794149512,36.686384897346436,0.25482123510292526,69805.33412784399,0.0031041284514179545,0.18634886240520043,2543.538028169014
2022-05-01,Valparaiso Region,1333.0,841626969,931,114489320,102,235,107002312,5,34055800,108,1497070,0.6219054763690923,13.603333093761638,0.17629407351837958,80271.80195048763,31.827162762613952,0.08102025506376594,1123.0832708177045
2022-05-01,Valparaíso,30992.0,5776219429,27006,2543830952,2436,7946,2481300534,10,34295128,9585,137015833,0.7927852348993288,44.039721538771204,0.25638874548270524,80062.61402942694,1.3821432563315605,0.3092733608673206,4421.006485544656
2022-05-01,Valparíso,192.0,51105466,193,30580506,29,57,26399606,0,0,0,0,0.8541666666666666,59.83803376335518,0.296875,137497.94791666666,0.0,0.0,0.0
2022-05-01,desconocido,5058.0,1786390909,3900,432950748,174,1018,427329919,0,0,1302,31260287,0.7366548042704626,24.23605862629253,0.20126532226176355,84485.94681692368,0.0,0.25741399762752076,6180.365164096481
2022-05-01,Ñuble,248.0,25245221,175,14532053,3,44,13438628,1,0,8,353691,0.6935483870967742,57.56358005342873,0.1774193548387097,54188.01612903226,0.0,0.03225806451612903,1426.1733870967741
2022-06-01,Antofagasta,7310.0,963753958,6728,483446834,958,1251,511053610,3,59537,3227,38295527,0.7893296853625171,50.162889603406434,0.17113543091655267,69911.57455540355,0.011649854112174259,0.4414500683994528,5238.7861833105335
2022-06-01,Araucania,428.0,234719160,144,8889474,10,36,9898462,0,0,96,968984,0.3130841121495327,3.7872809360769697,0.08411214953271028,23127.247663551403,0.0,0.22429906542056074,2263.9813084112147
2022-06-01,Araucanía,7524.0,1069070994,6210,503692854,802,1752,495781054,12,2402844,2028,42657839,0.7187666135034556,47.115005161200735,0.23285486443381181,65893.28203083466,0.48465829434458385,0.26953748006379585,5669.569245082403
2022-06-01,Arica y Parinacota,2330.0,293871480,2043,155223463,97,372,133413673,0,0,1140,15064815,0.8351931330472103,52.82018622562489,0.15965665236051502,57259.08712446352,0.0,0.4892703862660944,6465.585836909871
2022-06-01,Atacama,647.0,109259862,347,21355776,1,100,31824843,0,0,24,2351455,0.5347758887171561,19.545856647704717,0.1545595054095827,49188.319938176195,0.0,0.03709428129829984,3634.3972179289026
2022-06-01,Aysén,179.0,12087330,198,6328294,63,37,5964406,1,30000,3,132190,0.7541899441340782,52.354771483859544,0.20670391061452514,33320.703910614524,0.502983867966064,0.01675977653631285,738.4916201117319
2022-06-01,Bio Bio,358.0,21980317,319,14247951,0,81,15064580,0,0,2,10000,0.8910614525139665,64.82140817168379,0.22625698324022347,42079.832402234635,0.0,0.00558659217877095,27.932960893854748
2022-06-01,Bío Bío,13939.0,1347112610,12194,716352289,904,2654,649667871,2,306942,3094,24555085,0.8099576727168376,53.176867596837354,0.19040103307267378,46607.925317454625,0.04724598732696141,0.22196714254968075,1761.6102302891168
2022-06-01,Coquimbo,7236.0,2579685161,5786,731279078,295,1316,557424887,0,0,2131,72217058,0.7588446655610834,28.34760958645527,0.1818684355997789,77034.94845218353,0.0,0.29449972360420124,9980.24571586512
2022-06-01,Los Lagos,7635.0,979604582,5862,405135558,518,1399,400346547,2,148867,1453,16798923,0.6999345121152587,41.35705012453688,0.18323510150622135,52435.69705304519,0.0371845345277825,0.1903077930582842,2200.251866404715
2022-06-01,Los Ríos,1259.0,187163534,1020,98551642,61,292,92750347,0,0,69,1499053,0.7617156473391581,52.6553650135715,0.23193010325655283,73669.85464654487,0.0,0.05480540111199365,1190.669579030977
2022-06-01,Los Ríos Region,82.0,21751505,88,11445708,20,19,10364118,0,0,82,1129960,0.8292682926829268,52.620303744499516,0.23170731707317074,126391.68292682926,0.0,1.0,13780.0
2022-06-01,Los lagos,160.0,7879480,212,6362483,16,21,5059226,0,0,6,230072,1.225,80.74749856589521,0.13125,31620.1625,0.0,0.0375,1437.95
2022-06-01,Magallanes y la Antártica Chilena,44.0,16019229,33,15748463,0,45,15489181,0,0,1,529986,0.75,98.3097438709441,1.0227272727272727,352026.8409090909,0.0,0.022727272727272728,12045.136363636364
2022-06-01,Maule,2408.0,159538632,1911,80622323,59,303,91302816,0,0,296,1750450,0.7691029900332226,50.53467112592516,0.12583056478405316,37916.45182724253,0.0,0.12292358803986711,726.9310631229235
2022-06-01,O'Higgins,2187.0,494709759,1836,126383623,222,418,115924894,0,0,1153,16517368,0.7379972565157751,25.547024432158004,0.19112940100594422,53006.35299497028,0.0,0.5272062185642432,7552.523090992227
2022-06-01,RM,431.0,119549682,353,32235507,28,127,40594051,0,0,239,2836680,0.7540603248259861,26.9641093650086,0.29466357308584684,94185.73317865429,0.0,0.5545243619489559,6581.624129930395
2022-06-01,Región Metropolitana,268413.0,55124721549,247240,25822774152,25797,64325,25670643783,97,50204056,100553,1227729553,0.8250084757444685,46.84427136569988,0.2396493463431354,95638.6008986152,0.19556991411819163,0.3746204542999035,4574.031634086277
2022-06-01,Región de Antofagasta,3456.0,677799939,3093,253956301,295,459,216604144,0,0,834,18859398,0.8096064814814815,37.467737364313926,0.1328125,62674.81018518518,0.0,0.24131944444444445,5457.001736111111
2022-06-01,Región de Arica y Parinacota,600.0,65631247,556,39585642,43,121,36593113,0,0,1,57000,0.855,60.3152367347218,0.20166666666666666,60988.52166666667,0.0,0.0016666666666666668,95.0
2022-06-01,Región de Atacama,0.0,0,0,0,0,0,0,0,0,0,0,,,,,,,
2022-06-01,Región de Coquimbo,3327.0,555325437,3090,198204512,592,616,192586309,0,0,465,4758503,0.7508265704839194,35.69159609737092,0.18515178839795612,57885.87586414187,0.0,0.13976555455365194,1430.26840997896
2022-06-01,Región de Tarapacá,3286.0,463350779,2937,239943108,311,674,251246609,1,20000,660,16031222,0.7991479001825929,51.78433249164775,0.20511259890444308,76459.71059038345,0.007960306441389623,0.20085209981740718,4878.643335362142
2022-06-01,Región de Valparaíso,10734.0,1353842206,9899,685894057,1452,2223,668812656,2,576612,4864,31581349,0.7869386994596609,50.66277694403627,0.20709893795416434,62307.86808272778,0.0862142776197704,0.4531395565492827,2942.1789640395004
2022-06-01,Región de la Araucanía,1062.0,241273101,966,94786132,172,217,83924073,0,0,384,9041389,0.7476459510357816,39.28582656215788,0.20433145009416195,79024.55084745762,0.0,0.3615819209039548,8513.548964218457
2022-06-01,Región de los Lagos,1425.0,148057283,1133,83902886,82,269,81513766,1,70000,296,1463521,0.7375438596491228,56.66920552635023,0.1887719298245614,57202.642807017546,0.08587506556867952,0.20771929824561403,1027.0322807017544
2022-06-01,Región de los Ríos,91.0,8039734,76,4767603,4,29,5683295,0,0,0,0,0.7912087912087912,59.30050670830652,0.31868131868131866,62453.79120879121,0.0,0.0,0.0
2022-06-01,Región del Bío Bío,5602.0,578005614,5191,308599086,466,1033,272429802,0,0,1293,17985995,0.8434487682970367,53.39032675900619,0.1843984291324527,48630.81078186362,0.0,0.23081042484826847,3210.6381649410923
2022-06-01,Región del Libertador General Bernardo O’Higgins,996.0,90347076,832,49776239,42,174,48345725,0,0,68,1099806,0.7931726907630522,55.094465923833546,0.1746987951807229,48539.88453815261,0.0,0.06827309236947791,1104.2228915662652
2022-06-01,Región del Maule,610.0,45508415,702,31951129,193,55,25395291,0,0,3,334659,0.8344262295081967,70.20927667992831,0.09016393442622951,41631.624590163934,0.0,0.004918032786885246,548.6213114754098
2022-06-01,Santiago Metropolitan Region,2515.0,1477152055,1936,236365846,137,511,211177324,0,0,1414,106316990,0.7153081510934394,16.00145666791223,0.20318091451292247,83967.1268389662,0.0,0.5622266401590458,42273.157057654076
2022-06-01,Tarapacá,4820.0,952314850,3972,332445399,245,1187,342561094,3,83563,526,16234636,0.7732365145228216,34.909189854594835,0.24626556016597512,71070.76639004149,0.02439360495503322,0.10912863070539419,3368.181742738589
2022-06-01,Valparaiso Region,1336.0,838714630,865,95972097,53,233,95755820,3,24136507,98,1363666,0.6077844311377245,11.442759380505859,0.17440119760479042,71673.51796407186,25.206308086547637,0.07335329341317365,1020.7080838323353
2022-06-01,Valparaíso,32480.0,6219661174,27925,2753573679,2562,8361,2707144483,16,5974304,11086,210769475,0.7808805418719211,44.27208495714754,0.25741995073891627,83348.0444273399,0.2206865587528377,0.3413177339901478,6489.207974137931
2022-06-01,Valparíso,192.0,50360149,201,27359872,33,52,26435180,0,0,0,0,0.875,54.32841749534935,0.2708333333333333,137683.22916666666,0.0,0.0,0.0
2022-06-01,desconocido,5023.0,1831414655,3891,433141451,268,1006,400272884,0,0,1649,33975939,0.7212821023292852,23.650648956939794,0.2002787178976707,79688.01194505276,0.0,0.32828986661357756,6764.073063906032
2022-06-01,Ñuble,249.0,23949683,194,16731812,2,44,13746944,0,0,14,267814,0.7710843373493976,69.86235266663029,0.17670682730923695,55208.610441767065,0.0,0.05622489959839357,1075.558232931727
2022-07-01,Antofagasta,7390.0,1007080273,6917,523334792,1002,1304,491405281,3,218650,2720,57495807,0.800405953991881,51.96554892700197,0.17645466847090663,66495.97848443843,0.044494841316123336,0.3680649526387009,7780.217456021651
2022-07-01,Araucania,382.0,266171642,190,23158408,8,71,17469799,1,35384,111,1828122,0.47643979057591623,8.700554208550887,0.18586387434554974,45732.458115183246,0.20254383006925264,0.2905759162303665,4785.659685863874
2022-07-01,Araucanía,7718.0,1266849957,6525,572702814,728,1825,533839076,16,6299439,2816,47220383,0.751101321585903,45.206838492239854,0.2364602228556621,69168.05856439492,1.1800258323540183,0.3648613630474216,6118.214952060119
2022-07-01,Arica y Parinacota,2331.0,278693620,1752,134482431,10,391,130237487,0,0,1155,7599078,0.7473187473187474,48.25457827129304,0.16773916773916775,55871.937794937796,0.0,0.4954954954954955,3260.007722007722
2022-07-01,Atacama,245.0,19980769,146,10655204,0,68,12330289,0,0,37,727802,0.5959183673469388,53.32729686229795,0.27755102040816326,50327.71020408163,0.0,0.1510204081632653,2970.6204081632654
2022-07-01,Aysén,179.0,12098685,180,5221536,55,32,5477140,0,0,0,0,0.6983240223463687,43.15788038121499,0.1787709497206704,30598.54748603352,0.0,0.0,0.0
2022-07-01,Bio Bio,365.0,22450526,290,13292573,0,91,13633039,0,0,2,20000,0.7945205479452054,59.20829204625318,0.2493150684931507,37350.79178082192,0.0,0.005479452054794521,54.794520547945204
2022-07-01,Bío Bío,14778.0,1442963007,12440,734723215,916,2854,717727038,2,382000,3117,30199592,0.7798078224387603,50.91767505027938,0.19312491541480578,48567.26471782379,0.05322357662106078,0.21092164027608606,2043.5506834483692
2022-07-01,Coquimbo,7324.0,2532322763,5383,663212576,306,1401,570611927,0,0,3018,69052170,0.693200436919716,26.189891181734797,0.19128891316220645,77909.87534134353,0.0,0.4120699071545603,9428.204533042053
2022-07-01,Los Lagos,7844.0,1017579161,6134,416796938,520,1516,457161931,6,6851928,1524,15442548,0.7157062723100459,40.95965738826682,0.19326874043855177,58281.73521162672,1.4987967141122256,0.1942886282508924,1968.7083120856705
2022-07-01,Los Ríos,1265.0,190773215,1049,93228932,68,313,97448151,0,0,30,1470922,0.775494071146245,48.86898404474653,0.24743083003952568,77034.11146245059,0.0,0.023715415019762844,1162.7841897233202
2022-07-01,Los Ríos Region,82.0,22588995,67,10169621,6,19,10467624,0,0,82,1141276,0.7439024390243902,45.0202454779418,0.23170731707317074,127653.9512195122,0.0,1.0,13918.0
2022-07-01,Los lagos,160.0,6561581,170,4870015,21,27,5089393,1,15000,2,133033,0.93125,74.22014602883054,0.16875,31808.70625,0.2947306289767758,0.0125,831.45625
2022-07-01,Magallanes y la Antártica Chilena,44.0,18318558,42,18317572,0,51,15740040,0,0,12,2496587,0.9545454545454546,99.99461748026238,1.1590909090909092,357728.1818181818,0.0,0.2727272727272727,56740.61363636364
2022-07-01,Maule,2412.0,174479649,2181,103836154,116,314,101469966,0,0,306,1350304,0.8561359867330016,59.51189986632768,0.13018242122719734,42068.80845771144,0.0,0.12686567164179105,559.8275290215589
2022-07-01,O'Higgins,2209.0,503590018,1688,225217682,123,429,119651958,0,0,1186,13361413,0.708465368945224,44.72242775868524,0.19420552286102308,54165.66681756451,0.0,0.5368945224083296,6048.625169760073
2022-07-01,RM,431.0,128978349,581,56097569,169,119,41225835,0,0,229,2120441,0.9559164733178654,43.49378747281065,0.27610208816705334,95651.58932714617,0.0,0.531322505800464,4919.816705336427
2022-07-01,Región Metropolitana,273929.0,58925802894,256260,28265282568,28163,66772,28359097482,126,90793455,112360,1446861968,0.8326865720679446,47.96758156837615,0.24375659386191312,103527.18216034082,0.32015636272497083,0.41017928003241716,5281.886795483501
2022-07-01,Región de Antofagasta,3449.0,675524851,2962,238095655,381,449,209111409,0,0,559,14158099,0.7483328501014787,35.246024575933774,0.13018266164105538,60629.57639895622,0.0,0.16207596404755,4104.986662800812
2022-07-01,Región de Arica y Parinacota,600.0,67513957,534,40105995,30,117,43474194,0,0,144,4178553,0.84,59.40400590058734,0.195,72456.99,0.0,0.24,6964.255
2022-07-01,Región de Atacama,0.0,0,0,0,0,0,0,0,0,0,0,,,,,,,
2022-07-01,Región de Coquimbo,3327.0,542444615,2765,168031311,458,630,171251017,1,1,705,7852165,0.6934174932371506,30.976676024334758,0.18935978358881875,51473.10399759543,5.839381380140942e-07,0.21190261496844004,2360.1337541328526
2022-07-01,Región de Tarapacá,3286.0,462912293,2887,236181893,290,657,247486356,1,0,423,6996017,0.7903225806451613,51.02087297560707,0.19993913572732805,75315.38527084602,0.0,0.12872793670115643,2129.037431527693
2022-07-01,Región de Valparaíso,10761.0,1383668778,10044,708333526,1449,2306,683546825,2,256000,4338,28686440,0.7987175913019237,51.19241954883512,0.2142923520118948,63520.753182789704,0.03745171371398002,0.40312238639531645,2665.778273394666
2022-07-01,Región de la Araucanía,1062.0,237293436,957,91321956,147,222,87407058,0,0,407,9351206,0.7627118644067796,38.4848218051847,0.20903954802259886,82304.197740113,0.0,0.3832391713747646,8805.278719397364
2022-07-01,Región de los Lagos,1425.0,153345200,1203,89474888,109,263,83604543,1,349592,354,1908799,0.767719298245614,58.3486721462426,0.18456140350877193,58669.854736842106,0.41814952567828756,0.24842105263157896,1339.5080701754387
2022-07-01,Región de los Ríos,91.0,8179263,87,6111766,8,30,4438633,0,0,0,0,0.8681318681318682,74.72269812084537,0.32967032967032966,48776.18681318681,0.0,0.0,0.0
2022-07-01,Región del Bío Bío,5769.0,587666650,4921,309306363,426,1022,286977223,0,0,1596,20241374,0.7791644999133298,52.63296173094049,0.17715375281677934,49744.708441671,0.0,0.2766510660426417,3508.6451724735657
2022-07-01,Región del Libertador General Bernardo O’Higgins,996.0,92433479,894,53083573,103,165,49686062,0,0,180,1285492,0.7941767068273092,57.428946280383975,0.16566265060240964,49885.604417670686,0.0,0.18072289156626506,1290.6546184738957
2022-07-01,Región del Maule,610.0,44780746,570,27118683,77,52,27551125,2,4714740,3,466955,0.8081967213114755,60.558801320549684,0.08524590163934426,45165.77868852459,17.112695035139218,0.004918032786885246,765.5
2022-07-01,Santiago Metropolitan Region,2792.0,1717733399,1930,263203221,136,526,298332736,0,0,1429,107492148,0.6425501432664756,15.322704975826113,0.18839541547277938,106852.69914040115,0.0,0.5118194842406877,38500.05300859599
2022-07-01,Tarapacá,4864.0,988004770,4540,390784602,468,1238,367774881,0,0,843,18244774,0.837171052631579,39.552906409551035,0.2545230263157895,75611.61204769737,0.0,0.17331414473684212,3750.9814967105262
2022-07-01,Valparaiso Region,1342.0,866103790,979,118970357,81,239,104827043,0,0,108,1664651,0.669150521609538,13.73627022230211,0.1780923994038748,78112.55067064083,0.0,0.08047690014903129,1240.4254843517137
2022-07-01,Valparaíso,33876.0,6653643622,29100,2826154935,2812,8850,2891721106,29,2604093,9892,178861236,0.7760066123509269,42.47529767983717,0.26124690046050303,85361.94078403589,0.09005339396654803,0.2920061400401464,5279.88062345023
2022-07-01,Valparíso,192.0,50914664,191,29480355,31,55,25569539,0,0,3,133398,0.8333333333333334,57.90150161847283,0.2864583333333333,133174.68229166666,0.0,0.015625,694.78125
2022-07-01,desconocido,5029.0,1885029104,4025,479366016,327,1070,443920263,1,1440,1231,12525942,0.7353350566713064,25.430165241629076,0.2127659574468085,88272.07456750845,0.0003243825794904073,0.2447802744084311,2490.7420958441044
2022-07-01,Ñuble,256.0,23155310,164,13394824,3,44,13554300,0,0,15,500426,0.62890625,57.847742051391236,0.171875,52946.484375,0.0,0.05859375,1954.7890625
2022-08-01,Antofagasta,8019.0,1134190275,7412,527079670,953,1302,502483418,0,0,2866,79877771,0.8054620276842499,46.471891147188686,0.16236438458660682,62661.60593590223,0.0,0.35740117221598705,9961.063848360145
2022-08-01,Araucania,383.0,282240959,206,23690300,23,75,19737788,0,0,158,3277246,0.47780678851174935,8.393643532085646,0.195822454308094,51534.69451697128,0.0,0.412532637075718,8556.778067885118
2022-08-01,Araucanía,7750.0,1271543340,6205,536992627,650,1933,573366561,0,0,2376,50040484,0.7167741935483871,42.23156302324701,0.24941935483870967,73982.78206451613,0.0,0.3065806451612903,6456.83664516129
2022-08-01,Arica y Parinacota,2732.0,315472849,2366,179214885,53,361,144859160,0,0,855,5270440,0.8466325036603221,56.808338837425595,0.1321376281112738,53023.11859443631,0.0,0.31295754026354317,1929.1508052708639
2022-08-01,Atacama,274.0,20771911,160,10095247,2,66,12998039,0,0,25,853000,0.5766423357664233,48.60047301377327,0.24087591240875914,47438.098540145984,0.0,0.09124087591240876,3113.1386861313867
2022-08-01,Aysén,179.0,14150554,236,7183858,96,39,6535519,0,0,0,0,0.7821229050279329,50.76732684812198,0.21787709497206703,36511.27932960894,0.0,0.0,0.0
2022-08-01,Bio Bio,364.0,23241922,310,15764435,0,87,12953485,0,0,9,75000,0.8516483516483516,67.82758758075171,0.23901098901098902,35586.49725274725,0.0,0.024725274725274724,206.04395604395606
2022-08-01,Bío Bío,15450.0,1504805775,13159,787036309,1082,3105,769113964,2,60000,3090,30312978,0.7816828478964402,52.30152103848751,0.20097087378640777,49780.83909385113,0.0078011845849154295,0.2,1962.0050485436893
2022-08-01,Coquimbo,7580.0,2629143462,5903,705871926,335,1417,611291348,3,300863,2253,75968242,0.7345646437994723,26.84798057626876,0.18693931398416885,80645.29656992084,0.049217611370478614,0.29722955145118735,10022.195514511874
2022-08-01,Los Lagos,8169.0,1133862099,6369,465790317,395,1585,457218059,0,0,2063,51386759,0.7313012608642429,41.07997942702202,0.1940261965968907,55969.893377402375,0.0,0.25254009058636306,6290.458930101604
2022-08-01,Los Ríos,1266.0,202603977,1172,113060693,127,313,110099495,1,155151,57,1673146,0.825434439178515,55.80378760284651,0.24723538704581358,86966.42575039495,0.14091890248906228,0.045023696682464455,1321.6003159557663
2022-08-01,Los Ríos Region,82.0,24920463,102,13991858,29,19,10598948,0,0,82,1155626,0.8902439024390244,56.146059565586725,0.23170731707317074,129255.46341463414,0.0,1.0,14093.0
2022-08-01,Los lagos,160.0,7021913,149,4814513,18,22,5030461,0,0,12,368993,0.81875,68.5641220561975,0.1375,31440.38125,0.0,0.075,2306.20625
2022-08-01,Magallanes y la Antártica Chilena,46.0,16538396,40,16078115,0,43,15021492,0,0,5,1326957,0.8695652173913043,97.21689455253097,0.9347826086956522,326554.17391304346,0.0,0.10869565217391304,28846.891304347828
2022-08-01,Maule,2419.0,177071370,1994,92510081,62,302,93675024,1,117000,426,7563983,0.798677139313766,52.24451643424908,0.12484497726333195,38724.6895411327,0.12489988793597748,0.17610582885489873,3126.904919388177
2022-08-01,O'Higgins,2461.0,428102390,1979,136553974,104,500,121259496,0,0,781,9567731,0.7618854124339699,31.897503305225648,0.2031694433157253,49272.44859813084,0.0,0.31735067045916293,3887.741162129216
2022-08-01,RM,431.0,116414845,418,42721633,44,126,44005384,0,0,314,2962446,0.8677494199535963,36.69775362411898,0.2923433874709977,102100.65893271462,0.0,0.728538283062645,6873.4245939675175
2022-08-01,Región Metropolitana,279720.0,60523578404,259632,28759355559,28726,68754,28742595060,99,242884186,115745,1513758618,0.8254897754897755,47.51760605929291,0.2457957957957958,102754.88009438009,0.8450322091411047,0.4137887887887888,5411.692471042471
2022-08-01,Región de Antofagasta,3367.0,685225483,2988,254283056,315,450,215710311,0,0,449,13116723,0.7938817938817939,37.10939862988137,0.13365013365013365,64066.02643302643,0.0,0.13335313335313334,3895.6706266706265
2022-08-01,Región de Arica y Parinacota,600.0,70713487,578,44807539,38,133,36068237,0,0,141,3914372,0.9,63.3649122691404,0.22166666666666668,60113.72833333333,0.0,0.235,6523.953333333333
2022-08-01,Región de Atacama,0.0,0,0,0,0,0,0,0,0,0,0,,,,,,,
2022-08-01,Región de Coquimbo,3327.0,560230449,2594,171079763,357,593,172835718,3,236800,630,5491881,0.6723775172828373,30.53739105137429,0.1782386534415389,51949.41929666366,0.1370087171449133,0.18935978358881875,1650.7006311992786
2022-08-01,Región de Tarapacá,3285.0,469363594,3058,260065213,307,650,247469808,0,0,737,5974236,0.8374429223744292,55.40804960684701,0.197869101978691,75333.27488584474,0.0,0.2243531202435312,1818.641095890411
2022-08-01,Región de Valparaíso,10768.0,1401248999,10205,721266424,1448,2294,687596933,1,1427676,4360,30632852,0.8132429420505201,51.47310895599077,0.21303863298662704,63855.58441679049,0.2076326887862951,0.4049034175334324,2844.804234769688
2022-08-01,Región de la Araucanía,1062.0,237028262,904,84283468,137,216,84834513,0,0,475,10407358,0.7222222222222222,35.558404423519754,0.2033898305084746,79881.83898305085,0.0,0.4472693032015066,9799.772128060264
2022-08-01,Región de los Lagos,1425.0,153846124,1207,93044816,76,276,86787037,0,0,364,2212522,0.7936842105263158,60.47914213295358,0.1936842105263158,60903.18385964912,0.0,0.2554385964912281,1552.6470175438596
2022-08-01,Región de los Ríos,91.0,7060985,72,4416454,0,29,4896101,0,0,0,0,0.7912087912087912,62.54727916855792,0.31868131868131866,53803.307692307695,0.0,0.0,0.0
2022-08-01,Región del Bío Bío,5783.0,598108852,5287,319201113,480,1067,311029902,0,0,1197,14754427,0.831229465675255,53.368398065441106,0.18450631160297423,53783.48642573059,0.0,0.20698599342901608,2551.3448037350854
2022-08-01,Región del Libertador General Bernardo O’Higgins,996.0,91705262,894,52688539,77,170,48842956,0,0,182,1402441,0.820281124497992,57.45421565885718,0.1706827309236948,49039.1124497992,0.0,0.1827309236947791,1408.0732931726907
2022-08-01,Región del Maule,610.0,45234488,606,30481914,99,58,27197443,0,0,2,132426,0.8311475409836065,67.38644637693257,0.09508196721311475,44585.972131147544,0.0,0.003278688524590164,217.09180327868853
2022-08-01,Santiago Metropolitan Region,2792.0,1755732127,2003,275589832,133,563,277795714,0,0,1411,106985895,0.6697707736389685,15.69657624656543,0.20164756446991405,99497.03223495702,0.0,0.5053724928366762,38318.7303008596
2022-08-01,Tarapacá,5126.0,1151318750,4432,424067489,557,1334,425861118,4,316702,924,29843867,0.7559500585251658,36.83319575921091,0.26024190401872804,83078.64182598518,0.07436743732025801,0.18025751072961374,5822.057549746391
2022-08-01,Valparaiso Region,1347.0,870415090,885,105945499,66,252,110784386,0,0,95,1921150,0.6080178173719376,12.171836198290174,0.1870824053452116,82245.27542687453,0.0,0.07052709725315516,1426.2435040831476
2022-08-01,Valparaíso,34971.0,6838696767,30045,2958784710,2687,9105,2926682981,14,18407187,11321,150368744,0.7823053387092163,43.265329796132484,0.2603585828257699,83688.85593777701,0.6289436580422032,0.32372537245145977,4299.812530382317
2022-08-01,Valparíso,192.0,53058957,198,31445068,27,65,27370541,0,0,121,1153360,0.890625,59.26439149567151,0.3385416666666667,142554.90104166666,0.0,0.6302083333333334,6007.083333333333
2022-08-01,desconocido,5033.0,1894599091,4110,473849851,297,1044,439095176,0,0,1211,12758805,0.7575998410490761,25.01056045318244,0.20743095569242997,87243.2298827737,0.0,0.24061196105702365,2535.029803298232
2022-08-01,Ñuble,274.0,27902292,171,15697612,1,42,14279108,0,0,31,1919896,0.6204379562043796,56.2592205686902,0.15328467153284672,52113.53284671533,0.0,0.11313868613138686,7006.919708029197
2022-09-01,Antofagasta,8066.0,1180795843,6770,565903860,734,1614,558250015,0,0,2058,37555623,0.7483263079593355,47.92563112029858,0.2000991817505579,69210.26717084057,0.0,0.25514505331019094,4656.040540540541
2022-09-01,Araucania,398.0,302736958,259,26532700,13,102,25539245,1,50000,130,2149505,0.6180904522613065,8.76427515665266,0.2562814070351759,64168.95728643216,0.19577712653604284,0.32663316582914576,5400.766331658291
2022-09-01,Araucanía,7916.0,1387082309,6718,614914776,662,2039,591215935,2,7550513,2223,93292072,0.7650328448711471,44.33152755320737,0.2575795856493178,74686.19694290045,1.2771159491836093,0.2808236483072259,11785.254168772108
2022-09-01,Arica y Parinacota,2736.0,300673804,2247,154179547,25,440,148560713,0,0,938,4897719,0.8121345029239766,51.27801123638959,0.1608187134502924,54298.506213450295,0.0,0.3428362573099415,1790.1019736842106
2022-09-01,Atacama,946.0,29865714,233,14567987,4,74,13333382,0,0,116,2671448,0.24207188160676532,48.77829808455274,0.07822410147991543,14094.484143763213,0.0,0.1226215644820296,2823.940803382664
2022-09-01,Aysén,179.0,13699739,177,5453287,50,39,6129871,0,0,0,0,0.7094972067039106,39.805772942097654,0.21787709497206703,34245.08938547486,0.0,0.0,0.0
2022-09-01,Bio Bio,364.0,22570919,258,12851006,1,93,15559143,0,0,22,135000,0.7060439560439561,56.93612209587036,0.2554945054945055,42744.89835164835,0.0,0.06043956043956044,370.8791208791209
2022-09-01,Bío Bío,16791.0,1993721121,14050,848275157,1058,3404,806104764,2,165000,3751,39377896,0.7737478411053541,42.5473326266678,0.20272765171818236,48008.145077720204,0.020468803481727096,0.22339348460484784,2345.1787266988267
2022-09-01,Coquimbo,7558.0,2664696711,6008,694459752,413,1484,650944154,1,2300000,2203,68888208,0.7402752050807092,26.061493194825353,0.1963482402752051,86126.50886477904,0.353332922012846,0.2914792273088119,9114.60809738026
2022-09-01,Los Lagos,8218.0,1159467150,6293,470991021,337,1748,481036444,2,147631,2133,23799814,0.7247505475784862,40.62133377388053,0.21270382088099293,58534.49063032368,0.030690190284210564,0.25955220248235583,2896.059138476515
2022-09-01,Los Ríos,1317.0,204086198,1076,104555520,81,411,112626971,0,0,55,1198063,0.7555049354593774,51.231058750969524,0.3120728929384966,85517.82156416097,0.0,0.04176157934700076,909.6909643128322
2022-09-01,Los Ríos Region,472.0,1440485087,263,151625825,18,19,10731046,0,0,1479,432891691,0.5190677966101694,10.526025320802228,0.04025423728813559,22735.26694915254,0.0,3.1334745762711864,917143.4131355932
2022-09-01,Los lagos,160.0,7382436,153,4844826,19,19,4812531,0,0,5,167754,0.8375,65.62638673738587,0.11875,30078.31875,0.0,0.03125,1048.4625
2022-09-01,Magallanes y la Antártica Chilena,45.0,18023163,45,17908409,0,46,16578810,0,0,20,983985,1.0,99.36329710828227,1.0222222222222221,368418.0,0.0,0.4444444444444444,21866.333333333332
2022-09-01,Maule,2422.0,180913665,2028,93484197,78,318,92689402,1,10000,427,2880202,0.8051197357555739,51.673375253328715,0.13129644921552436,38269.77786952932,0.01078871994448729,0.17630057803468208,1189.1833195706029
2022-09-01,O'Higgins,2671.0,442269236,2126,148706248,206,539,145579379,0,0,399,7018542,0.7188318981654811,33.62346640814059,0.2017970797454137,54503.69861475103,0.0,0.14938225383751405,2627.683264694871
2022-09-01,RM,431.0,117217915,443,44115450,50,123,40607835,1,30000,241,2438440,0.9118329466357309,37.6354160539368,0.2853828306264501,94217.71461716937,0.07387736873930856,0.5591647331786543,5657.633410672854
2022-09-01,Región Metropolitana,285353.0,62497533702,264856,29388131161,28931,79326,29362030323,125,116908350,116520,1511325658,0.8267829670618497,47.02286541598287,0.27799252154349174,102897.2196647661,0.3981616690465128,0.4083363413035784,5296.337021163261
2022-09-01,Región de Antofagasta,3344.0,683221315,3040,243324052,321,446,214824672,0,0,472,12132180,0.8130980861244019,35.61423606931818,0.13337320574162678,64241.82775119617,0.0,0.14114832535885166,3628.0442583732056
2022-09-01,Región de Arica y Parinacota,600.0,69221222,556,42921305,41,134,38435408,0,0,140,2313360,0.8583333333333333,62.00599145735971,0.22333333333333333,64059.013333333336,0.0,0.23333333333333334,3855.6
2022-09-01,Región de Atacama,0.0,0,0,0,0,0,0,0,0,0,0,,,,,,,
2022-09-01,Región de Coquimbo,3327.0,579319216,2803,195192982,363,623,177141975,0,0,587,6364886,0.7333934475503456,33.69351069480147,0.18725578599338744,53243.75563570784,0.0,0.17643522693116923,1913.1006913134956
2022-09-01,Región de Tarapacá,3285.0,470089892,2994,252199631,300,746,280568209,3,140587,606,9254288,0.8200913242009132,53.64923502758489,0.22709284627092846,85408.89162861492,0.05010795788342506,0.18447488584474886,2817.1348554033484
2022-09-01,Región de Valparaíso,10773.0,1437257044,10291,737982103,1780,2514,722171838,2,22000,4684,42889652,0.7900306321358953,51.346563656152796,0.23336118072960177,67035.35115566694,0.0030463663691078467,0.43479068040471547,3981.21711686624
2022-09-01,Región de la Araucanía,1062.0,246949640,920,87987299,151,239,85078703,0,0,317,11144453,0.724105461393597,35.62965266926488,0.22504708097928436,80111.77306967985,0.0,0.2984934086629002,10493.835216572505
2022-09-01,Región de los Lagos,1425.0,150054599,1116,86705051,65,305,83935011,1,100599,362,2003957,0.7375438596491228,57.7823349486276,0.21403508771929824,58901.76210526316,0.11985344232575366,0.2540350877192982,1406.2856140350877
2022-09-01,Región de los Ríos,91.0,8070832,66,4288951,0,32,5984354,0,0,0,0,0.7252747252747253,53.14137377658214,0.3516483516483517,65762.13186813187,0.0,0.0,0.0
2022-09-01,Región del Bío Bío,5790.0,618722862,5308,340611992,474,1129,300093657,0,0,1398,24279401,0.834887737478411,55.0508172429549,0.19499136442141624,51829.647150259065,0.0,0.24145077720207253,4193.333506044905
2022-09-01,Región del Libertador General Bernardo O’Higgins,996.0,95540235,796,47548283,50,190,53838829,0,0,84,944574,0.748995983935743,49.767810388994754,0.19076305220883535,54055.04919678715,0.0,0.08433734939759036,948.3674698795181
2022-09-01,Región del Maule,610.0,44244198,568,30428919,74,50,26932721,0,0,136,780262,0.8098360655737705,68.77493632046398,0.08196721311475409,44152.001639344264,0.0,0.22295081967213115,1279.1180327868854
2022-09-01,Santiago Metropolitan Region,2912.0,1749754494,1979,201663750,134,691,315834523,0,0,1272,21965822,0.6335851648351648,11.525259725951017,0.23729395604395603,108459.65762362638,0.0,0.4368131868131868,7543.208104395604
2022-09-01,Tarapacá,5425.0,1217743832,4991,496926380,816,1434,438660798,4,116000,1495,22478424,0.7695852534562212,40.807135864023,0.26433179723502304,80859.1332718894,0.026444122777527067,0.27557603686635945,4143.488294930876
2022-09-01,Valparaiso Region,1351.0,887477298,912,108465001,53,288,110723140,0,0,104,2167171,0.6358253145817913,12.221721191565624,0.21317542561065878,81956.43227239083,0.0,0.076980014803849,1604.1236121391562
2022-09-01,Valparaíso,36750.0,7343402893,32898,3213616921,3084,10503,3237249777,97,5586371,13009,200679297,0.811265306122449,43.761958424797,0.2857959183673469,88088.42930612245,0.1725653373950329,0.3539863945578231,5460.661142857143
2022-09-01,Valparíso,192.0,52776746,160,24595097,14,73,27917755,0,0,0,0,0.7604166666666666,46.60214746850819,0.3802083333333333,145404.97395833334,0.0,0.0,0.0
2022-09-01,desconocido,5036.0,1924006181,3767,458043638,182,1156,470328422,0,0,1359,11570337,0.7118745035742653,23.806765410801972,0.22954725972994441,93393.2529785544,0.0,0.2698570293884035,2297.525218427323
2022-09-01,Ñuble,283.0,30742870,158,16456374,2,54,16362030,0,0,36,2237504,0.5512367491166078,53.52907519694811,0.19081272084805653,57816.360424028266,0.0,0.127208480565371,7906.374558303887
2022-10-01,Antofagasta,7734.0,1067180597,6893,527405302,749,1362,565116405,0,0,3344,52936582,0.7944142746314973,49.42043581776253,0.1761055081458495,73069.09813809155,0.0,0.4323765192655806,6844.657615722783
2022-10-01,Araucania,409.0,321152142,252,26691301,16,98,22182114,0,0,145,2520775,0.5770171149144254,8.311107886056075,0.2396088019559902,54234.997555012225,0.0,0.3545232273838631,6163.264058679707
2022-10-01,Araucanía,8199.0,1424662375,6497,598196226,599,1995,602729034,1,15000,2909,65446870,0.7193560190267105,41.98863088526501,0.243322356384925,73512.50567142335,0.0024886805104530605,0.35479936577631416,7982.299060861081
2022-10-01,Arica y Parinacota,2739.0,299736764,2246,147907994,140,397,150046941,1,30000,1044,14410265,0.768893756845564,49.34596344677959,0.14494341000365096,54781.65060240964,0.01999374315801613,0.38116100766703176,5261.140927345747
2022-10-01,Atacama,954.0,30659920,277,15657601,18,60,12584205,0,0,12,854909,0.27148846960167716,51.068629663743415,0.06289308176100629,13190.990566037735,0.0,0.012578616352201259,896.1310272536688
2022-10-01,Aysén,179.0,14726637,155,4775801,42,34,5687089,0,0,1,90000,0.6312849162011173,32.42967827617399,0.18994413407821228,31771.4469273743,0.0,0.00558659217877095,502.7932960893855
2022-10-01,Bio Bio,364.0,24692431,297,14150027,5,91,14695652,1,5000,36,239000,0.8021978021978022,57.30511912739576,0.25,40372.67032967033,0.034023669041700226,0.0989010989010989,656.5934065934066
2022-10-01,Bío Bío,17250.0,2081212652,14237,884864879,1191,3259,853909930,1,180000,4178,43124759,0.7562898550724638,42.51679318543754,0.18892753623188405,49502.02492753623,0.02107950659386289,0.24220289855072463,2499.9860289855073
2022-10-01,Coquimbo,7486.0,2691712375,5833,645939224,466,1478,635408446,0,0,1545,28860089,0.7169382847982901,23.99733455919487,0.1974352123964734,84879.56799358803,0.0,0.20638525247127973,3855.208255410099
2022-10-01,Los Lagos,8493.0,1181734541,6466,487088239,471,1783,528264779,0,0,2332,23828212,0.7058754268220888,41.21807581149479,0.2099375956670199,62200.02107618038,0.0,0.27457906511244556,2805.629577298952
2022-10-01,Los Ríos,1318.0,212719872,1103,113473606,57,341,106269418,0,0,60,1895332,0.7936267071320182,53.34414924807778,0.25872534142640363,80629.3004552352,0.0,0.04552352048558422,1438.0364188163885
2022-10-01,Los Ríos Region,82.0,23464537,89,12210251,15,19,10838214,0,0,82,1181702,0.9024390243902439,52.03704211167687,0.23170731707317074,132173.34146341463,0.0,1.0,14411.0
2022-10-01,Los lagos,160.0,7816789,171,5754432,29,20,4606493,0,0,5,137161,0.8875,73.61631483208771,0.125,28790.58125,0.0,0.03125,857.25625
2022-10-01,Magallanes y la Antártica Chilena,48.0,17543507,45,17386971,0,45,16123337,0,0,5,1304659,0.9375,99.1077268644177,0.9375,335902.8541666667,0.0,0.10416666666666667,27180.395833333332
2022-10-01,Maule,2425.0,186631050,2018,99693483,102,327,103224366,0,0,331,3017008,0.7901030927835051,53.41741526932415,0.13484536082474227,42566.74886597938,0.0,0.13649484536082473,1244.1270103092784
2022-10-01,O'Higgins,3009.0,473989498,2594,155515705,405,527,155918352,1,1000,931,11120863,0.7274842140245928,32.80994740520601,0.1751412429378531,51817.332003988035,0.0006413613196732608,0.30940511797939513,3695.8667331339316
2022-10-01,RM,431.0,115544289,412,43313873,30,115,44683051,0,0,266,2819161,0.8863109048723898,37.48681425526795,0.2668213457076566,103672.97215777262,0.0,0.617169373549884,6540.976798143852
2022-10-01,Región Metropolitana,289105.0,63136102692,267270,29183899790,28324,71136,28902475504,133,98431560,117130,1481169394,0.8265024817972709,46.223790423633325,0.2460559312360561,99972.24366233722,0.3405644612911355,0.4051469189394857,5123.292208713097
2022-10-01,Región de Antofagasta,3344.0,694083869,3103,263006199,409,532,276532583,0,0,349,9838942,0.805622009569378,37.892567562321496,0.1590909090909091,82695.15041866028,0.0,0.10436602870813397,2942.2673444976076
2022-10-01,Región de Arica y Parinacota,600.0,71407425,596,44084734,58,156,41165918,0,0,107,2479690,0.8966666666666666,61.7369048106692,0.26,68609.86333333333,0.0,0.17833333333333334,4132.816666666667
2022-10-01,Región de Atacama,0.0,0,0,0,0,0,0,0,0,0,0,,,,,,,
2022-10-01,Región de Coquimbo,3328.0,571121159,2665,175482485,389,588,183817035,0,0,460,5935062,0.6838942307692307,30.72596457593335,0.17668269230769232,55233.484074519234,0.0,0.13822115384615385,1783.3719951923076
2022-10-01,Región de Tarapacá,3285.0,473155601,2739,237148838,196,661,252172915,0,0,1139,15708097,0.7741248097412481,50.120687042231594,0.20121765601217656,76764.96651445967,0.0,0.3467275494672755,4781.764687975647
2022-10-01,Región de Valparaíso,10778.0,1446485012,10215,748041841,1576,2279,701736703,0,0,4801,35927744,0.8015401744293932,51.71445502679014,0.21144924846910373,65108.248561885324,0.0,0.4454444238263129,3333.433290035257
2022-10-01,Región de la Araucanía,991.0,229859735,885,84629613,151,185,82007148,0,0,298,10296144,0.7406659939455096,36.817937252037645,0.18668012108980828,82751.9152371342,0.0,0.3007063572149344,10389.650857719475
2022-10-01,Región de los Lagos,1442.0,152380401,1145,84460550,77,292,98933833,3,106796,593,2914228,0.7406380027739251,55.42743649821475,0.20249653259361997,68608.76074895977,0.1079468941630918,0.41123439667128986,2020.9625520110958
2022-10-01,Región de los Ríos,91.0,10021254,90,6659979,8,22,5490941,0,0,80,760000,0.9010989010989011,66.45853902116443,0.24175824175824176,60340.01098901099,0.0,0.8791208791208791,8351.648351648351
2022-10-01,Región del Bío Bío,5804.0,613763124,5056,315132905,425,1122,300290000,0,0,1581,32914401,0.7978980013783598,51.34438559068596,0.19331495520330808,51738.45623707788,0.0,0.2723983459682977,5670.985699517574
2022-10-01,Región del Libertador General Bernardo O’Higgins,1004.0,105560974,886,62881979,78,188,55150729,0,0,45,245227,0.8047808764940239,59.569343306741374,0.18725099601593626,54931.004980079684,0.0,0.044820717131474105,244.25
2022-10-01,Región del Maule,610.0,43833815,547,27212961,65,54,27303506,0,0,133,794886,0.7901639344262295,62.0821185653131,0.08852459016393442,44759.845901639346,0.0,0.2180327868852459,1303.0918032786885
2022-10-01,Santiago Metropolitan Region,2741.0,1562383911,1925,212174024,114,595,240579335,2,482500,950,20454449,0.6607077708865378,13.580146499601275,0.21707406056183876,87770.64392557461,0.20055754165252807,0.3465888361911711,7462.403867201751
2022-10-01,Tarapacá,5217.0,1166231251,4455,420242393,598,1344,446796767,5,126500,1220,20864969,0.7393137818669734,36.034224999515125,0.2576193214491087,85642.47019359785,0.02831264891404194,0.23385087214874448,3999.4190147594404
2022-10-01,Valparaiso Region,1352.0,901036373,877,113490080,45,244,114381498,1,913282,102,1653697,0.6153846153846154,12.595504843176847,0.1804733727810651,84601.69970414201,0.7984525609202984,0.07544378698224852,1223.1486686390533
2022-10-01,Valparaíso,37485.0,7510991831,32350,3227902008,3089,9855,3277904764,92,562853,13406,222219198,0.7806055755635588,42.97570920896931,0.26290516206482595,87445.77201547286,0.01717112120466719,0.3576363878884887,5928.216566626651
2022-10-01,Valparíso,192.0,60404448,204,31069117,40,60,27540990,0,0,122,1498958,0.8541666666666666,51.43514762356573,0.3125,143442.65625,0.0,0.6354166666666666,7807.072916666667
2022-10-01,desconocido,4938.0,1941442787,3574,454538367,159,1010,456779637,0,0,1236,12040048,0.691575536654516,23.412400820854064,0.20453624949372215,92502.96415552855,0.0,0.2503037667071689,2438.2438234102874
2022-10-01,Ñuble,283.0,34309331,207,21236267,4,56,16943957,0,0,24,3034104,0.7173144876325088,61.89647650080965,0.1978798586572438,59872.639575971734,0.0,0.08480565371024736,10721.215547703181
2022-11-01,Antofagasta,7536.0,1037153141,6296,465733735,677,1306,490675142,0,0,2302,40094645,0.7456210191082803,44.90501128415326,0.17330148619957536,65110.82032908705,0.0,0.3054670912951168,5320.4146762208065
2022-11-01,Araucania,420.0,340060229,225,17214187,22,103,19173888,0,0,111,2520126,0.48333333333333334,5.0620994553291325,0.24523809523809523,45652.114285714284,0.0,0.2642857142857143,6000.3
2022-11-01,Araucanía,8123.0,1437499639,6278,605325777,749,2077,601530072,1,50000,2876,51818179,0.6806598547334729,42.10962984457487,0.25569370922073126,74052.69875661701,0.008312136388087343,0.35405638310968857,6379.1922934876275
2022-11-01,Arica y Parinacota,2739.0,307306005,2406,163630400,153,435,161087147,0,0,1028,5419809,0.8225629791894852,53.24673040476381,0.1588170865279299,58812.393939393936,0.0,0.3753194596568091,1978.7546549835706
2022-11-01,Atacama,908.0,22444711,264,14499627,16,52,11395075,0,0,14,1371182,0.27312775330396477,64.601531291715,0.05726872246696035,12549.642070484582,0.0,0.015418502202643172,1510.112334801762
2022-11-01,Aysén,179.0,17211742,212,6744910,85,38,6573007,0,0,1,182559,0.7094972067039106,39.187840487034954,0.2122905027932961,36720.709497206706,0.0,0.00558659217877095,1019.8826815642458
2022-11-01,Bio Bio,363.0,27123019,298,16937847,4,84,13690237,1,5000,245,1530191,0.8099173553719008,62.44823631174686,0.23140495867768596,37714.15151515151,0.03652237722400277,0.6749311294765841,4215.402203856749
2022-11-01,Bío Bío,17077.0,2102445670,13529,823354973,1264,3363,866711286,0,0,4482,43793799,0.7182174855068221,39.16177168088248,0.1969315453533993,50753.13497686947,0.0,0.2624582772149675,2564.490191485624
2022-11-01,Coquimbo,7855.0,2759624471,5651,567861235,362,1509,654005643,0,0,2601,39987125,0.6733290897517504,20.577482225116853,0.19210693825588798,83259.78905155952,0.0,0.3311266709102482,5090.658816040738
2022-11-01,Los Lagos,8497.0,1177994920,5954,426192213,355,1729,471992172,6,1396425,2589,32911722,0.6589384488643051,36.179461028575574,0.20348358244086148,55548.09603389432,0.29585766096137717,0.3046957749794045,3873.3343533011653
2022-11-01,Los Ríos,1361.0,219114044,1062,102184645,62,402,115557153,0,0,56,1335945,0.7347538574577517,46.63536993548437,0.29537105069801617,84906.06392358559,0.0,0.041146216017634095,981.590742101396
2022-11-01,Los Ríos Region,82.0,24024194,79,11972056,8,19,10904445,0,0,82,1188918,0.8658536585365854,49.83333051672826,0.23170731707317074,132981.03658536586,0.0,1.0,14499.0
2022-11-01,Los lagos,160.0,7195190,139,4641157,20,21,4544377,0,0,3,86685,0.74375,64.50360588115116,0.13125,28402.35625,0.0,0.01875,541.78125
2022-11-01,Magallanes y la Antártica Chilena,48.0,17803930,44,17072407,0,47,17133989,0,0,3,826200,0.9166666666666666,95.89122738631303,0.9791666666666666,356958.1041666667,0.0,0.0625,17212.5
2022-11-01,Maule,2485.0,186329816,2058,105497531,88,331,102894769,0,0,587,5930932,0.7927565392354124,56.618706154896856,0.13319919517102616,41406.34567404426,0.0,0.23621730382293762,2386.692957746479
2022-11-01,O'Higgins,3216.0,515920001,2448,173536702,275,591,167411910,0,0,1052,11288065,0.6756840796019901,33.63635867259195,0.1837686567164179,52055.942164179105,0.0,0.3271144278606965,3509.970460199005
2022-11-01,RM,431.0,115701752,408,37761725,38,116,37332363,0,0,192,2133859,0.8584686774941995,32.63712463057604,0.2691415313225058,86618.01160092808,0.0,0.44547563805104406,4950.948955916473
2022-11-01,Región Metropolitana,288148.0,62088339034,220355,23646763501,25672,72426,28339521671,84,136120921,118070,1382616782,0.6756354373446979,38.08567577891054,0.25135000069408775,98350.57564515457,0.48032187197885323,0.4097547093854547,4798.286928939295
2022-11-01,Región de Antofagasta,3343.0,691386042,2544,211855214,256,522,271402368,0,0,526,14333946,0.6844151959317978,30.642101681306432,0.15614717319772659,81185.27310798684,0.0,0.15734370326054442,4287.74932695184
2022-11-01,Región de Arica y Parinacota,600.0,69626289,568,41608732,52,153,41703911,0,0,0,0,0.86,59.76008860676174,0.255,69506.51833333333,0.0,0.0,0.0
2022-11-01,Región de Atacama,0.0,0,0,0,0,0,0,0,0,0,0,,,,,,,
2022-11-01,Región de Coquimbo,3243.0,575314351,2124,145332709,266,588,173746557,0,0,477,5607884,0.5729263028060438,25.26144337393732,0.18131359851988899,53575.87326549491,0.0,0.14708603145235893,1729.22725871107
2022-11-01,Región de Tarapacá,3178.0,481408611,2999,257756194,386,642,255154975,8,760147,1060,7493957,0.8222152297042165,53.542082154405,0.20201384518565135,80287.90906230334,0.29791580587444944,0.33354310887350536,2358.07331655129
2022-11-01,Región de Valparaíso,10780.0,1452490282,8787,636837420,1455,2362,721415316,0,0,4617,34920396,0.6801484230055659,43.84452191467399,0.21910946196660483,66921.64341372912,0.0,0.42829313543599257,3239.368831168831
2022-11-01,Región de la Araucanía,991.0,245694336,655,55508363,203,192,83636834,0,0,349,19510760,0.45610494450050454,22.592447145383115,0.19374369323915236,84396.40161453078,0.0,0.3521695257315843,19687.95156407669
2022-11-01,Región de los Lagos,1442.0,154281558,1009,71479379,75,302,83251982,0,0,638,3760417,0.6477115117891817,46.33047522115378,0.20943134535367544,57733.6907073509,0.0,0.44244105409153955,2607.7787794729543
2022-11-01,Región de los Ríos,91.0,9507188,65,4951066,0,26,5497595,0,0,80,760000,0.7142857142857143,52.07708104646716,0.2857142857142857,60413.131868131866,0.0,0.8791208791208791,8351.648351648351
2022-11-01,Región del Bío Bío,5812.0,647027524,4720,305519386,491,1090,299764932,0,0,1830,29473274,0.727632484514797,47.21891645524495,0.18754301445285615,51576.89814177564,0.0,0.31486579490708877,5071.107019958706
2022-11-01,Región del Libertador General Bernardo O’Higgins,1004.0,96825711,704,43364573,33,184,51564078,0,0,49,214678,0.6683266932270916,44.7862169584275,0.18326693227091634,51358.643426294824,0.0,0.04880478087649402,213.82270916334662
2022-11-01,Región del Maule,610.0,47229666,589,29776623,84,54,28009356,0,0,134,840458,0.8278688524590164,63.04643992189146,0.08852459016393442,45916.97704918033,0.0,0.21967213114754097,1377.8
2022-11-01,Santiago Metropolitan Region,2416.0,1371093822,1461,141361879,113,579,218157893,0,0,892,13204117,0.5579470198675497,10.310153596476493,0.2396523178807947,90297.1411423841,0.0,0.36920529801324503,5465.280215231788
2022-11-01,Tarapacá,5547.0,1084170584,4814,451266847,676,1463,481384374,6,1659792,1092,20161242,0.7459888227870921,41.623232880481844,0.26374616910041465,86782.83288263927,0.3447955707843562,0.19686316928069228,3634.62087614927
2022-11-01,Valparaiso Region,1353.0,912711611,950,110369651,129,259,113412826,3,6204130,184,2832250,0.60679970436068,12.092499938625192,0.19142645971914266,83823.22690317812,5.470395385439033,0.1359940872135994,2093.3111603843313
2022-11-01,Valparaíso,37217.0,7552173398,28164,2678799851,2720,10042,3322158387,91,633701,14453,245405694,0.6836660665824758,35.47058190837371,0.26982293038127736,89264.54004890239,0.01907497855851025,0.38834403632748477,6593.913910309805
2022-11-01,Valparíso,192.0,59544833,221,34360186,47,58,27253632,0,0,0,0,0.90625,57.70473149198353,0.3020833333333333,141946.0,0.0,0.0,0.0
2022-11-01,desconocido,4672.0,1942366246,3165,417746301,188,1035,443842174,0,0,1440,13473301,0.6372003424657534,21.50708198622599,0.22153253424657535,95000.46532534246,0.0,0.3082191780821918,2883.8401113013697
2022-11-01,Ñuble,348.0,43192531,293,27658065,24,69,28427334,0,0,39,2607461,0.7729885057471264,64.03436973860134,0.19827586206896552,81687.74137931035,0.0,0.11206896551724138,7492.704022988506
2022-12-01,Antofagasta,3729.0,540049383,1465,94063351,130,690,254614455,1,33027,1799,24767308,0.3580048270313757,17.417546239470475,0.1850362027353178,68279.55349959775,0.012971376664376734,0.4824349691606329,6641.809600429069
2022-12-01,Araucania,360.0,337395141,123,9366751,7,41,12585559,0,0,14,463932,0.32222222222222224,2.7761961752733124,0.11388888888888889,34959.88611111111,0.0,0.03888888888888889,1288.7
2022-12-01,Araucanía,4060.0,908630628,858,99572418,129,1375,415173281,1,50000,1842,56939763,0.17955665024630543,10.958514376647228,0.33866995073891626,102259.42881773399,0.012043164213161395,0.45369458128078816,14024.572167487684
2022-12-01,Arica y Parinacota,1626.0,155528083,229,11938417,4,221,79333879,0,0,262,3278870,0.13837638376383765,7.676052304971829,0.13591635916359163,48790.82349323493,0.0,0.16113161131611317,2016.5252152521525
2022-12-01,Atacama,779.0,17701223,107,3983827,42,31,6974186,0,0,274,4838968,0.0834403080872914,22.50594210354844,0.03979460847240052,8952.741976893452,0.0,0.35173299101412064,6211.76893453145
2022-12-01,Aysén,22.0,2257579,15,1302288,7,12,1595071,0,0,0,0,0.36363636363636365,57.68515741863297,0.5454545454545454,72503.22727272728,0.0,0.0,0.0
2022-12-01,Bio Bio,409.0,29505717,100,6184155,8,99,27009614,0,0,250,1811163,0.22493887530562348,20.95917547097737,0.24205378973105135,66038.1760391198,0.0,0.6112469437652812,4428.271393643032
2022-12-01,Bío Bío,8889.0,1236126710,1707,89162614,198,1870,443348781,0,0,3096,24386134,0.16976037799527505,7.2130642658793445,0.21037237034537068,49876.11441106986,0.0,0.34829564630442117,2743.4057824277197
2022-12-01,Coquimbo,4445.0,699911053,950,129056737,208,941,385700498,0,0,645,23531936,0.16692913385826771,18.439019707837076,0.21169853768278965,86771.76557930259,0.0,0.14510686164229472,5294.0238470191225
2022-12-01,Los Lagos,6316.0,909380523,1977,125389388,178,1455,324262791,4,3202302,1826,28030167,0.2848321722609246,13.788440023582954,0.23036732108929703,51339.89724509183,0.9875638182612201,0.2891070297656745,4437.961842938569
2022-12-01,Los Ríos,980.0,170172050,162,10791397,11,310,101038341,0,0,30,929204,0.1540816326530612,6.341462655001218,0.3163265306122449,103100.34795918368,0.0,0.030612244897959183,948.1673469387755
2022-12-01,Los Ríos Region,82.0,24991018,29,4310251,4,19,10998164,0,0,82,1199168,0.3048780487804878,17.24720057422231,0.23170731707317074,134123.9512195122,0.0,1.0,14624.0
2022-12-01,Los lagos,160.0,8017561,127,3442976,36,24,4686457,0,0,3,104928,0.56875,42.94293489004948,0.15,29290.35625,0.0,0.01875,655.8
2022-12-01,Magallanes y la Antártica Chilena,48.0,17706778,10,1186827,0,48,15846290,0,0,3,812510,0.20833333333333334,6.702670581852893,1.0,330131.0416666667,0.0,0.0625,16927.291666666668
2022-12-01,Maule,1551.0,123018401,619,33784784,35,323,78418843,0,0,385,5307061,0.3765312701482914,27.46319552633431,0.2082527401676338,50560.18246292714,0.0,0.24822695035460993,3421.7027724049
2022-12-01,O'Higgins,1240.0,295969768,195,13371824,25,312,74976290,1,132138,602,6747715,0.13709677419354838,4.517969551538791,0.25161290322580643,60464.75,0.17623971524864726,0.4854838709677419,5441.705645161291
2022-12-01,RM,0.0,0,0,0,0,0,0,0,0,0,0,,,,,,,
2022-12-01,Región Metropolitana,86251.0,18480682260,16929,1413596976,2608,26866,8077697741,18,53219122,39665,444304836,0.1660386546242942,7.649051891658896,0.3114862436377549,93653.38072602056,0.6588402253512843,0.459878726043756,5151.300692165888
2022-12-01,Región de Antofagasta,1365.0,269652152,526,26223094,23,220,79898042,0,0,421,4430989,0.3684981684981685,9.724785730617866,0.16117216117216118,58533.364102564105,0.0,0.30842490842490844,3246.1457875457877
2022-12-01,Región de Arica y Parinacota,460.0,48900937,165,8592371,26,86,25918376,0,0,1,61157,0.30217391304347824,17.5709741512724,0.18695652173913044,56344.29565217391,0.0,0.002173913043478261,132.95
2022-12-01,Región de Atacama,0.0,0,0,0,0,0,0,0,0,0,0,,,,,,,
2022-12-01,Región de Coquimbo,1622.0,181732796,549,26010105,75,314,70342405,0,0,67,1269360,0.2922318125770654,14.312279111140732,0.1935881627620222,43367.69728729963,0.0,0.04130702836004932,782.5893958076449
2022-12-01,Región de Tarapacá,1982.0,297493956,297,17224458,49,441,149640948,0,0,600,8844715,0.12512613521695257,5.789851407939192,0.22250252270433904,75499.97376387488,0.0,0.30272452068617556,4462.520181634713
2022-12-01,Región de Valparaíso,5382.0,701467487,1429,78068296,226,1521,380376961,1,10000,793,9170965,0.22352285395763657,11.129282175839462,0.2826086956521739,70675.76384243775,0.0026289710012168694,0.1473429951690821,1704.0068747677444
2022-12-01,Región de la Araucanía,331.0,43176112,69,2031373,35,72,16717380,0,0,85,167500,0.1027190332326284,4.70485392478137,0.2175226586102719,50505.67975830816,0.0,0.256797583081571,506.04229607250755
2022-12-01,Región de los Lagos,622.0,50221150,208,11401714,16,156,33653584,1,104627,508,1492032,0.3086816720257235,22.7030125753791,0.2508038585209003,54105.440514469454,0.3108940789189051,0.8167202572347267,2398.765273311897
2022-12-01,Región de los Ríos,91.0,10108363,14,1860444,0,32,5491445,0,0,0,0,0.15384615384615385,18.40499792102836,0.3516483516483517,60345.54945054945,0.0,0.0,0.0
2022-12-01,Región del Bío Bío,3808.0,366074577,940,55288175,61,717,201776490,0,0,1001,22390769,0.23082983193277312,15.102981325032031,0.18828781512605042,52987.523634453784,0.0,0.26286764705882354,5879.928834033613
2022-12-01,Región del Libertador General Bernardo O’Higgins,502.0,52563744,51,2547056,0,94,26931008,0,0,40,293393,0.10159362549800798,4.845651786143696,0.18725099601593626,53647.42629482072,0.0,0.0796812749003984,584.4482071713147
2022-12-01,Región del Maule,610.0,49546751,238,11591979,63,53,30797899,0,0,142,582618,0.28688524590163933,23.396042658780996,0.08688524590163935,50488.35901639344,0.0,0.23278688524590163,955.1114754098361
2022-12-01,Santiago Metropolitan Region,1129.0,796489943,153,13514926,25,303,90125429,0,0,161,1736089,0.1133746678476528,1.6968106275260277,0.2683790965456156,79827.66076173604,0.0,0.14260407440212577,1537.7227635075287
2022-12-01,Tarapacá,3408.0,709341077,670,54434657,59,970,323486744,1,321280,603,17207304,0.17928403755868544,7.673975012164705,0.2846244131455399,94919.81924882629,0.09931782552425085,0.17693661971830985,5049.091549295775
2022-12-01,Valparaiso Region,533.0,768848545,128,16635809,2,108,60522952,2,290000,44,1169700,0.23639774859287055,2.1637303091989333,0.2026266416510319,113551.50469043152,0.4791570642489481,0.0825515947467167,2194.5590994371482
2022-12-01,Valparaíso,13872.0,2235152810,3521,243346693,368,3921,1035162908,12,13742550,4818,54274275,0.2272923875432526,10.887250836330962,0.28265570934256057,74622.47029988466,1.3275736498858401,0.34731833910034604,3912.5054065743943
2022-12-01,Valparíso,192.0,57926233,0,0,0,84,28767428,0,0,148,468000,0.0,0.0,0.4375,149830.35416666666,0.0,0.7708333333333334,2437.5
2022-12-01,desconocido,2991.0,1519977257,619,63011330,14,587,246783389,0,0,1454,29460174,0.20227348712805082,4.145544264548164,0.19625543296556336,82508.65563356737,0.0,0.4861250417920428,9849.606820461384
2022-12-01,Ñuble,122.0,16036794,108,10518742,25,19,5110238,0,0,0,0,0.680327868852459,65.59130210190392,0.1557377049180328,41887.19672131148,0.0,0.0,0.0
